split,generation_id,strategy,target_tg_c,target_window_c,candidate_smiles,candidate_ratios,predicted_tg_mean_c,predicted_tg_sigma_c,target_distance_c,generation_reward,compatibility_reasons,source_ledger
train,rule_template_f7aaf8d644bb,rule_template,195.0,5.0,Nc1ccc(-c2ccc(N)c(C(F)(F)F)c2)c(C(F)(F)F)c1|Cc1ccc(N=C=O)cc1N=C=O,0.65000:0.35000,194.99681974863265,0.0,0.003180251367354,0.9993641519636244,异氰酸酯-伯胺形成聚脲。,artifacts/trail/generation/rule_template_records/generation_record_ledger.csv
train,prompt_rag_selected_001,llm_rag_principle_generation,195.0,5.0,Nc1ccc(-c2ccc(N)c(C(F)(F)F)c2)c(C(F)(F)F)c1|Cc1ccc(N=C=O)cc1N=C=O,0.65000:0.35000,194.99681974863265,0.0,0.003180251367354,0.9993641519636244,异氰酸酯-伯胺形成聚脲。,artifacts/trail/generation/prompt_records/generation_record_ledger.csv
train,rule_template_ae6b770eef8d,rule_template,195.0,5.0,C=CC(=O)OCCOCCOc1ccccc1|O=C1C=CC(=O)N(c2ccc(Cc3ccc(N4C(=O)C=CC4=O)cc3)cc2)C1=O,0.30000:0.70000,195.005365464446,0.0,0.0053654644459868,0.9989274826690828,马来酰亚胺与烯基共聚/加成。,artifacts/trail/generation/rule_template_records/generation_record_ledger.csv
train,prompt_rag_selected_002,llm_rag_principle_generation,195.0,5.0,C=CC(=O)OCCOCCOc1ccccc1|O=C1C=CC(=O)N(c2ccc(Cc3ccc(N4C(=O)C=CC4=O)cc3)cc2)C1=O,0.30000:0.70000,195.005365464446,0.0,0.0053654644459868,0.9989274826690828,马来酰亚胺与烯基共聚/加成。,artifacts/trail/generation/prompt_records/generation_record_ledger.csv
eval,rule_template_24150f79c9cb,rule_template,195.0,5.0,CC(C)(c1ccc(OCCOCC2CO2)cc1)c1ccc(OCCOCC2CO2)cc1|Nc1ccc(Oc2ccc(-c3ccc(Oc4ccc(N)cc4)cc3)cc2)cc1,0.10000:0.90000,194.99270136027468,0.0,0.0072986397253202,0.9985413369395624,环氧-伯胺开环固化。,artifacts/trail/generation/rule_template_records/generation_record_ledger.csv
train,rule_template_15dac2dafc43,rule_template,195.0,5.0,C=CCc1ccc(OCC2CO2)c(-c2cc(CC=C)ccc2OCC2CO2)c1|CC1(C)CC(CN)CC(C)(N)C1,0.70000:0.30000,195.0074809970216,0.0,0.0074809970215881,0.9985049193439848,环氧-伯胺开环固化。,artifacts/trail/generation/rule_template_records/generation_record_ledger.csv
train,rule_template_7f6518b6034f,rule_template,195.0,5.0,Cc1cc(-c2cc(C)c(OCC3CO3)c(C)c2)c(C)cc1OCC1CO1|OCCOCCO,0.35000:0.65000,195.01964735721148,0.0,0.0196473572114825,0.9960782388282092,环氧-羟基醚化，常需催化剂。,artifacts/trail/generation/rule_template_records/generation_record_ledger.csv
train,rule_template_27fddd713fb8,rule_template,195.0,5.0,Nc1ccc(Oc2ccc(-c3ccc(Oc4ccc(N)cc4)cc3)cc2)cc1|CC(C)(c1ccc(OC#N)cc1)c1ccc(OC#N)cc1,0.80000:0.20000,195.02246564460987,0.0,0.0224656446098663,0.9955169500807116,氰酸酯-胺共反应。,artifacts/trail/generation/rule_template_records/generation_record_ledger.csv
train,rule_template_bc968c5a3adf,rule_template,195.0,5.0,CC(C)(c1ccc(OC#N)cc1)c1ccc(OC#N)cc1|Nc1ccc(-c2ccc(N)cc2)cc1,0.45000:0.55000,194.9718692273616,0.0,0.0281307726384056,0.99438964264005,氰酸酯-胺共反应。,artifacts/trail/generation/rule_template_records/generation_record_ledger.csv
train,rule_template_f00e29deae6a,rule_template,195.0,5.0,CCC(CO)(CO)CO|O=C1OC(=O)c2cc(-c3ccc4c(c3)C(=O)OC4=O)ccc21,0.40000:0.60000,194.97172510691192,0.0,0.0282748930880814,0.9943609806766394,酸酐-羟基酯化。,artifacts/trail/generation/rule_template_records/generation_record_ledger.csv
train,rule_template_4baa0ddb8586,rule_template,195.0,5.0,Nc1ccc(Oc2ccc(-c3ccc(Oc4ccc(N)cc4)cc3)cc2)cc1|O=C1OC(=O)c2cc(-c3ccc4c(c3)C(=O)OC4=O)ccc21,0.45000:0.55000,194.9706255175603,0.0,0.0293744824396924,0.9941423269712472,酸酐-胺形成聚酰胺酸/聚酰亚胺前体。,artifacts/trail/generation/rule_template_records/generation_record_ledger.csv
train,rule_template_bbb72431693e,rule_template,195.0,5.0,Nc1ccc(Cc2ccc(N)cc2)cc1|COc1ccc(OCC2CO2)c(CCC(=O)OCCCCOC(=O)CCc2ccc(OCC3CO3)c(OC)c2)c1,0.80000:0.20000,194.9680933755005,0.0,0.0319066244994985,0.9936389925135284,环氧-伯胺开环固化。,artifacts/trail/generation/rule_template_records/generation_record_ledger.csv
train,rule_template_d0bf010b117f,rule_template,195.0,5.0,Cc1cc(-c2cc(C)c(OCC3CO3)c(C)c2)c(C)cc1OCC1CO1|Nc1ccc(Oc2ccc(-c3ccc(Oc4ccc(N)cc4)cc3)cc2)cc1,0.35000:0.65000,195.03353555451383,0.0,0.0335355545138327,0.9933153315628312,环氧-伯胺开环固化。,artifacts/trail/generation/rule_template_records/generation_record_ledger.csv
train,rule_template_5321c9e2944b,rule_template,195.0,5.0,O=C=Nc1ccc(Cc2ccc(N=C=O)cc2)cc1|CC1(C)CC(CN)CC(C)(N)C1,0.50000:0.50000,194.9660282816112,0.0,0.0339717183888126,0.9932286856892478,异氰酸酯-伯胺形成聚脲。,artifacts/trail/generation/rule_template_records/generation_record_ledger.csv
train,rule_template_934912cb209c,rule_template,195.0,5.0,CC(C)(COCC1CO1)COCC1CO1|Nc1ccc(Oc2ccc(-c3ccc(Oc4ccc(N)cc4)cc3)cc2)cc1,0.15000:0.85000,194.95952419286985,0.0,0.04047580713015,0.9919375161570052,环氧-伯胺开环固化。,artifacts/trail/generation/rule_template_records/generation_record_ledger.csv
train,rule_template_b2719d372f70,rule_template,195.0,5.0,CC(C)(C1CCC(OCC2CO2)CC1)C1CCC(OCC2CO2)CC1|O=c1cc(-c2ccc3c(c2)CN(Cc2ccco2)CO3)c2c3c(c(O)cc2o1)CN(Cc1ccco1)CO3,0.55000:0.45000,194.95941713278893,0.0,0.0405828672110715,0.9919162770022428,环氧-羟基醚化，常需催化剂。,artifacts/trail/generation/rule_template_records/generation_record_ledger.csv
eval,rule_template_d3c79d830063,rule_template,195.0,5.0,O=C=NC1CCC(CC2CCC(N=C=O)CC2)CC1|Nc1ccc(-c2nc3ccc(N)cc3[nH]2)cc1,0.45000:0.55000,194.9569816362589,0.0,0.0430183637411119,0.9914332329268648,异氰酸酯-伯胺形成聚脲。,artifacts/trail/generation/rule_template_records/generation_record_ledger.csv
train,rule_template_efa00a3877c5,rule_template,195.0,5.0,CC(C)(c1ccc(OCCOCC2CO2)cc1)c1ccc(OCCOCC2CO2)cc1|Nc1ccc(C(F)(F)F)c(-c2ccc(N)cc2C(F)(F)F)c1,0.80000:0.20000,194.9547346440699,0.0,0.0452653559300983,0.9909877844802218,环氧-伯胺开环固化。,artifacts/trail/generation/rule_template_records/generation_record_ledger.csv
train,rule_template_b992a7064856,rule_template,195.0,5.0,CCCCC1OC1CCCCC1OC1CCCCCCCC(=O)Oc1ccccc1|CC(c1ccc(Oc2ccc(N)cc2)cc1)(c1ccc(Oc2ccc(N)cc2)cc1)c1ccc(Oc2ccc(N)cc2)cc1,0.10000:0.90000,194.9547102397765,0.0,0.0452897602235111,0.9909829476206936,环氧-伯胺开环固化。,artifacts/trail/generation/rule_template_records/generation_record_ledger.csv
train,rule_template_8e52a0a6952f,rule_template,195.0,5.0,N#COc1ccc(CC2CCCC(Cc3ccc(OC#N)cc3)C2)cc1|Nc1ccc(-c2ccc(N)cc2)cc1,0.90000:0.10000,194.94929841273185,0.0,0.0507015872681506,0.9899109222236132,氰酸酯-胺共反应。,artifacts/trail/generation/rule_template_records/generation_record_ledger.csv
train,rule_template_712b5a11592a,rule_template,195.0,5.0,COc1cc(CC2CO2)ccc1OC(=O)c1ccc(C(=O)Oc2ccc(CC3CO3)cc2OC)cc1|Nc1ccc(N)cc1,0.25000:0.75000,194.94813494469585,0.0,0.0518650553041482,0.9896806030782505,环氧-伯胺开环固化。,artifacts/trail/generation/rule_template_records/generation_record_ledger.csv
eval,rule_template_53582e994fd1,rule_template,195.0,5.0,COc1cc(/C=N/c2ccc(OCC3CO3)cc2)ccc1OCC1CO1|Nc1ccc(-c2ccc(N)cc2)cc1,0.65000:0.35000,195.0519676887893,0.0,0.0519676887892899,0.9896602884128534,环氧-伯胺开环固化。,artifacts/trail/generation/rule_template_records/generation_record_ledger.csv
eval,rule_template_423901b2e477,rule_template,195.0,5.0,O=C(O)CC(O)(CC(=O)O)C(=O)O|O=C1OC(=O)c2cc(-c3ccc4c(c3)C(=O)OC4=O)ccc21,0.60000:0.40000,194.9473625522864,0.0,0.0526374477136073,0.9895277305291926,酸酐-羟基酯化。,artifacts/trail/generation/rule_template_records/generation_record_ledger.csv
train,rule_template_d60e670ad632,rule_template,195.0,5.0,COc1cc(CC2CO2)ccc1Oc1nc(Oc2ccc(CC3CO3)cc2OC)nc(Oc2ccc(CC3CO3)cc2OC)n1|Nc1ccc(C(F)(F)F)c(-c2ccc(N)cc2C(F)(F)F)c1,0.65000:0.35000,195.0544014720464,0.0,0.0544014720464076,0.9891786819069128,环氧-伯胺开环固化。,artifacts/trail/generation/rule_template_records/generation_record_ledger.csv
train,rule_template_12ccda51192f,rule_template,195.0,5.0,CC(C)(c1ccc(OCCOCC2CO2)cc1)c1ccc(OCCOCC2CO2)cc1|O=C1OC(=O)c2cc(-c3ccc4c(c3)C(=O)OC4=O)ccc21,0.70000:0.30000,195.05442759522305,0.0,0.0544275952230464,0.9891735138225264,环氧-酸酐固化，常需催化剂。,artifacts/trail/generation/rule_template_records/generation_record_ledger.csv
train,rule_template_f85828d53609,rule_template,195.0,5.0,NCc1cccc(CN)c1|O=c1cc(-c2ccc(OCC3CO3)cc2)oc2cc(OCC3CO3)ccc12,0.45000:0.55000,194.94551988801533,0.0,0.0544801119846738,0.9891631242391624,环氧-伯胺开环固化。,artifacts/trail/generation/rule_template_records/generation_record_ledger.csv
train,rule_template_268c2979ef64,rule_template,195.0,5.0,Nc1ccc(Oc2ccc(-c3ccc(Oc4ccc(N)cc4)cc3)cc2)cc1|O=C1OC(=O)c2cc(-c3ccc4c(c3)C(=O)OC4=O)ccc21,0.50000:0.50000,194.9447172509425,0.0,0.0552827490575111,0.9890043491844585,酸酐-胺形成聚酰胺酸/聚酰亚胺前体。,artifacts/trail/generation/rule_template_records/generation_record_ledger.csv
train,rule_template_739401826371,rule_template,195.0,5.0,O=c1cc(-c2ccc(OCC3CO3)cc2)oc2cc(OCC3CO3)ccc12|O=C(O)c1cc(C(=O)O)cc(C(=O)O)c1,0.70000:0.30000,195.05549935201284,0.0,0.0554993520128448,0.98896150585949,环氧-羧酸开环酯化。,artifacts/trail/generation/rule_template_records/generation_record_ledger.csv
eval,rule_template_a06e557962d8,rule_template,195.0,5.0,O=C1OC(=O)c2cc(C(c3ccc4c(c3)C(=O)OC4=O)(C(F)(F)F)C(F)(F)F)ccc21|Nc1ccc(-c2ccc(N)c(C(F)(F)F)c2)c(C(F)(F)F)c1,0.65000:0.35000,195.0566838650145,0.0,0.0566838650144916,0.9887272460566,酸酐-胺形成聚酰胺酸/聚酰亚胺前体。,artifacts/trail/generation/rule_template_records/generation_record_ledger.csv
eval,rule_template_9e12c65bd675,rule_template,195.0,5.0,COc1cc(CO)cc(-c2cc(COCC3CO3)cc(OC)c2OCC2CO2)c1OCC1CO1|Nc1ccc(-c2ccc(N)c(N)c2)c(N)c1,0.50000:0.50000,195.06010201147032,0.0,0.0601020114703203,0.9880515541379312,环氧-伯胺开环固化。,artifacts/trail/generation/rule_template_records/generation_record_ledger.csv
train,rule_template_5935cff13605,rule_template,195.0,5.0,Cc1cc(OCC2CO2)c(C(C)(C)C)cc1-c1cc(C)c(OCC2CO2)c(C(C)(C)C)c1|Nc1cc(N)cc(N)c1,0.95000:0.05000,195.06061932598905,0.0,0.0606193259890517,0.9879493327432414,环氧-伯胺开环固化。,artifacts/trail/generation/rule_template_records/generation_record_ledger.csv
train,rule_template_5cdd820eacdf,rule_template,195.0,5.0,C=CCOCC(CC)(CO)CO|O=C1OC(=O)c2cc(-c3ccc4c(c3)C(=O)OC4=O)ccc21,0.20000:0.80000,194.93666941795487,0.0,0.0633305820451255,0.9874137612412136,酸酐-羟基酯化。,artifacts/trail/generation/rule_template_records/generation_record_ledger.csv
train,rule_template_a7f7a36a51cf,rule_template,195.0,5.0,c1cc(N(CC2CO2)CC2CO2)ccc1OCC1CO1|Nc1ccc(Oc2ccc(-c3ccc(Oc4ccc(N)cc4)cc3)cc2)cc1,0.60000:0.40000,195.0647996097464,0.0,0.0647996097463874,0.9871236962210808,环氧-伯胺开环固化。,artifacts/trail/generation/rule_template_records/generation_record_ledger.csv
train,rule_template_284b7e600b5f,rule_template,195.0,5.0,Cc1cc(-c2cc(C)c(OCC3CO3)c(C)c2)c(C)cc1OCC1CO1|NCCNCCNCCN,0.40000:0.60000,194.92990425795884,0.0,0.0700957420411612,0.9860786622453084,环氧-伯胺开环固化。,artifacts/trail/generation/rule_template_records/generation_record_ledger.csv
eval,rule_template_795a83dfd2a2,rule_template,195.0,5.0,CC(c1ccc(Oc2ccc(N)cc2)cc1)(c1ccc(Oc2ccc(N)cc2)cc1)c1ccc(Oc2ccc(N)cc2)cc1|CC(C)(c1ccc(OC#N)cc1)c1ccc(OC#N)cc1,0.80000:0.20000,194.92969773309807,0.0,0.0703022669019333,0.9860379331347856,氰酸酯-胺共反应。,artifacts/trail/generation/rule_template_records/generation_record_ledger.csv
train,rule_template_631422a6a76e,rule_template,195.0,5.0,C=CCc1ccc(OCC2CO2)c(-c2cc(CC=C)ccc2OCC2CO2)c1|CC1CCC2C(=O)OC(=O)C2C1,0.15000:0.85000,194.9294485032177,0.0,0.0705514967822864,0.9859887843365108,环氧-酸酐固化，常需催化剂。,artifacts/trail/generation/rule_template_records/generation_record_ledger.csv
train,rule_template_a50847d29d9b,rule_template,195.0,5.0,O=C(O)CC(O)(CC(=O)O)C(=O)O|O=c1cc(-c2ccc(OCC3CO3)cc2)oc2cc(OCC3CO3)ccc12,0.15000:0.85000,195.0716174811068,0.0,0.0716174811068128,0.9857785970252924,环氧-羧酸开环酯化。,artifacts/trail/generation/rule_template_records/generation_record_ledger.csv
eval,rule_template_ef7269dbb796,rule_template,195.0,5.0,COc1cc(CC2CO2)ccc1OC(=O)c1ccc(C(=O)Oc2ccc(CC3CO3)cc2OC)cc1|O=c1cc(-c2ccc3c(c2)CN(Cc2ccco2)CO3)c2c3c(c(O)cc2o1)CN(Cc1ccco1)CO3,0.50000:0.50000,195.07208601858272,0.0,0.0720860185827234,0.9856862265101336,环氧-羟基醚化，常需催化剂。,artifacts/trail/generation/rule_template_records/generation_record_ledger.csv
train,rule_template_95cb68a10888,rule_template,195.0,5.0,CC(C)(C)N|COc1cc(CO)cc(-c2cc(CO)cc(OC)c2OCC2CO2)c1OCC1CO1,0.60000:0.40000,195.07349076813887,0.0,0.0734907681388676,0.985409336950166,环氧-伯胺开环固化。,artifacts/trail/generation/rule_template_records/generation_record_ledger.csv
train,rule_template_02ef11a74709,rule_template,195.0,5.0,COCCOCCOCCOCCOCCOCCOCCOCCOCCOCCOCCOCCOCCOCCOCCOCCOCCOCCOCCOCCOCCOCCOCCOCCOCCOCCOCCOCCOCCOCCOCCOCCOCCOCCOCCOCCOCCOCC(C)OCC(C)OCC(C)OCC(C)OCC(C)OCC(C)N|O=C1OC(=O)c2cc(Oc3ccc4c(c3)C(=O)OC4=O)ccc21,0.05000:0.95000,195.0777005992173,0.0,0.0777005992173087,0.9845800047636648,酸酐-胺形成聚酰胺酸/聚酰亚胺前体。,artifacts/trail/generation/rule_template_records/generation_record_ledger.csv
train,rule_template_8da474427712,rule_template,195.0,5.0,c1cc(N(CC2CO2)CC2CO2)ccc1Cc1ccc(N(CC2CO2)CC2CO2)cc1|Nc1ccc(-c2ccc(N)cc2)cc1,0.60000:0.40000,194.9217208454995,0.0,0.0782791545005068,0.984466084562008,环氧-伯胺开环固化。,artifacts/trail/generation/rule_template_records/generation_record_ledger.csv
train,rule_template_96997cbaa860,rule_template,195.0,5.0,O=C(O)CC(O)(CC(=O)O)C(=O)O|COc1cc(COCC2CO2)cc(-c2cc(COCC3CO3)cc(OC)c2OCC2CO2)c1OCC1CO1,0.65000:0.35000,194.9200604306288,0.0,0.0799395693711915,0.984139214413719,环氧-羧酸开环酯化。,artifacts/trail/generation/rule_template_records/generation_record_ledger.csv
train,rule_template_70a413ebfce4,rule_template,195.0,5.0,COc1cc(/C=N/c2ccc(OCC3CO3)cc2)ccc1OCC1CO1|CC(C)(c1ccc(N)cc1)c1ccc(C(C)(C)c2ccc(N)cc2)cc1,0.40000:0.60000,194.91926557922017,0.0,0.0807344207798337,0.9839827779602468,环氧-伯胺开环固化。,artifacts/trail/generation/rule_template_records/generation_record_ledger.csv
train,rule_template_ce3dfe2c1da4,rule_template,195.0,5.0,CC(C)(c1ccc(OCCOCCOCCOCC2CO2)cc1)c1ccc(OCCOCCOCCOCC2CO2)cc1|Nc1ccc(-c2ccc(N)c(C(F)(F)F)c2)c(C(F)(F)F)c1,0.45000:0.55000,195.0837176983296,0.0,0.0837176983295933,0.9833958543271006,环氧-伯胺开环固化。,artifacts/trail/generation/rule_template_records/generation_record_ledger.csv
train,rule_template_e7ba058607c1,rule_template,195.0,5.0,CC(C)(C)N|O=C1C=CC(=O)N(c2ccc(Cc3ccc(N4C(=O)C=CC4=O)cc3)cc2)C1=O,0.65000:0.35000,195.0877861362165,0.0,0.0877861362164935,0.9825960027955462,马来酰亚胺-胺 Michael 加成。,artifacts/trail/generation/rule_template_records/generation_record_ledger.csv
train,rule_template_c4cd6b47e40d,rule_template,195.0,5.0,CC(C)(c1ccc(OCCOCCOCCOCC2CO2)cc1)c1ccc(OCCOCCOCCOCC2CO2)cc1|C#Cc1cccc(N2COc3cc(O)c4c(=O)cc(-c5ccccc5)oc4c3C2)c1,0.20000:0.80000,194.9116566845341,0.0,0.0883433154658916,0.9824865124755732,环氧-羟基醚化，常需催化剂。,artifacts/trail/generation/rule_template_records/generation_record_ledger.csv
train,rule_template_96bca06ef6b1,rule_template,195.0,5.0,COc1cc(/C=N/c2ccc(OCC3CO3)cc2)ccc1OCC1CO1|Nc1ccc(N)cc1,0.40000:0.60000,195.09108186794663,0.0,0.0910818679466274,0.9819485416399524,环氧-伯胺开环固化。,artifacts/trail/generation/rule_template_records/generation_record_ledger.csv
train,rule_template_7864dfceef72,rule_template,195.0,5.0,CC(C)(c1ccc(OCCOCC2CO2)cc1)c1ccc(OCCOCC2CO2)cc1|Nc1ccc(-c2ccc(N)c(C(F)(F)F)c2)c(C(F)(F)F)c1,0.50000:0.50000,195.0932308892783,0.0,0.0932308892782884,0.9815265866529594,环氧-伯胺开环固化。,artifacts/trail/generation/rule_template_records/generation_record_ledger.csv
train,rule_template_181ba4aa9026,rule_template,195.0,5.0,O=C1C=CC(=O)N1c1ccc(Cc2ccc(N3C(=O)C=CC3=O)cc2)cc1|Nc1cc(N)cc(N)c1,0.70000:0.30000,194.9059453119744,0.0,0.0940546880256079,0.9813648838998686,马来酰亚胺-胺 Michael 加成。,artifacts/trail/generation/rule_template_records/generation_record_ledger.csv
train,rule_template_b32e3fa02aed,rule_template,195.0,5.0,CC(C)(c1ccc(Oc2ccc3c(c2)C(=O)OC3=O)cc1)c1ccc(Oc2ccc3c(c2)C(=O)OC3=O)cc1|Nc1ccc(Oc2ccc(N)cc2)cc1,0.20000:0.80000,194.90582456343512,0.0,0.0941754365648819,0.9813411845107912,酸酐-胺形成聚酰胺酸/聚酰亚胺前体。,artifacts/trail/generation/rule_template_records/generation_record_ledger.csv
train,rule_template_67a667a4485c,rule_template,195.0,5.0,CC1(C)CC(N=C=O)CC(C)(N=C=O)C1|COc1cc(C(c2cc(C)c(O)c(O)c2)c2cc(C)c(O)c(O)c2)ccc1OCC1CO1,0.45000:0.55000,194.90422558534223,0.0,0.0957744146577681,0.981027406074814,异氰酸酯-羟基形成聚氨酯。,artifacts/trail/generation/rule_template_records/generation_record_ledger.csv
train,rule_template_20e8ed86ea3c,rule_template,195.0,5.0,CC(CO)CO|C=CCc1ccc(OCC2CO2)c(-c2cc(CC=C)ccc2OCC2CO2)c1,0.05000:0.95000,194.89574095704376,0.0,0.1042590429562437,0.97936408715999,环氧-羟基醚化，常需催化剂。,artifacts/trail/generation/rule_template_records/generation_record_ledger.csv
train,vae_latent_local_search_4d6c63f27c27,vae_latent_local_search,190.0,5.0,CC12CCCCC1C(=O)OC2=O|Nc1ccc(Oc2ccc(-c3ccc(Oc4ccc(N)cc4)cc3)cc2)cc1,0.15000:0.85000,190.1665594340433,86.87571979060579,0.1665594340433074,0.9672368441284068,酸酐-胺形成聚酰胺酸/聚酰亚胺前体。,artifacts/trail/generation/vae_latent_local_search_target_records/target_190/generation_record_ledger.csv
eval,vae_latent_local_search_130f3c09169c,vae_latent_local_search,190.0,5.0,CC(C)(c1ccc(OCCOCC2CO2)cc1)c1ccc(OCCOCC2CO2)cc1|COc1cc(Nc2ccnc3cc(-c4ccncc4)ccc23)cc(OC)c1OC,0.10000:0.90000,190.17567708946385,98.57006897831882,0.1756770894638464,0.9654746648600896,环氧-仲胺开环固化。,artifacts/trail/generation/vae_latent_local_search_target_records/target_190/generation_record_ledger.csv
train,vae_latent_local_search_0af65ad05065,vae_latent_local_search,195.0,5.0,N#COc1ccc(CC2CCCC(Cc3ccc(OC#N)cc3)C2)cc1|Nc1ccc(Cc2ccc(N)cc2)cc1,0.90000:0.10000,195.2004599427479,37.34403602198986,0.2004599427478979,0.9607010615902885,氰酸酯-胺共反应。,artifacts/trail/generation/vae_latent_local_search_records/generation_record_ledger.csv
train,functional_group_replacement_d6d5c00249b3,functional_group_replacement,195.0,5.0,N#COc1ccc(CC2CCCC(Cc3ccc(OC#N)cc3)C2)cc1|Nc1ccc(Cc2ccc(N)cc2)cc1,0.90000:0.10000,195.2004599427479,37.34403602198986,0.2004599427478979,0.9607010615902885,氰酸酯-胺共反应。,artifacts/trail/generation/expanded_inventory_replacement_records/generation_record_ledger.csv
train,vae_latent_local_search_77f59c1b265b,vae_latent_local_search,190.0,5.0,CCNC(=O)Nc1nc2cc(-c3cccnc3)cc(-c3cnn(C)c3)n2n1|Cc1cc(-c2cc(C)c(OCC3CO3)c(C)c2)c(C)cc1OCC1CO1,0.65000:0.35000,189.75963143971865,108.21923650524944,0.2403685602813539,0.9530635322155052,环氧-仲胺开环固化。,artifacts/trail/generation/vae_latent_local_search_target_records/target_190/generation_record_ledger.csv
train,vae_latent_local_search_7baabac78658,vae_latent_local_search,190.0,5.0,CC(C)(COCC1CO1)COCC1CO1|O=C1CC(c2ccc(-c3ccccc3)cc2)c2c(ccc3ccccc23)N1,0.15000:0.85000,190.25206639936928,92.4598856303856,0.2520663993692835,0.9508363817480716,环氧-仲胺开环固化。,artifacts/trail/generation/vae_latent_local_search_target_records/target_190/generation_record_ledger.csv
train,vae_latent_local_search_4325d270c9ad,vae_latent_local_search,190.0,5.0,OCCOCCO|c1ccc(C(c2ccc(OCC3CO3)cc2)c2ccc(OCC3CO3)cc2)cc1,0.65000:0.35000,189.7072781078949,56.36138690643632,0.2927218921051064,0.9431363845673708,环氧-羟基醚化，常需催化剂。,artifacts/trail/generation/vae_latent_local_search_target_records/target_190/generation_record_ledger.csv
train,vae_latent_local_search_e93db28bc6bf,vae_latent_local_search,200.0,5.0,Nc1ccc(Oc2ccc(-c3ccc(Oc4ccc(N)cc4)cc3)cc2)cc1|O=C=Nc1ccc(C(F)(F)c2ccc(N=C=O)cc2)cc1,0.80000:0.20000,199.6948845261955,97.47392709052072,0.3051154738045056,0.9408015119391374,异氰酸酯-伯胺形成聚脲。,artifacts/trail/generation/vae_latent_local_search_target_records/target_200/generation_record_ledger.csv
train,vae_latent_local_search_db51645e4d85,vae_latent_local_search,200.0,5.0,C=CC(=O)OCCOCCOc1ccccc1|O=C1C=CC(=O)N1c1ccc(C(F)(F)c2ccc(N3C(=O)C=CC3=O)cc2)cc1,0.30000:0.70000,200.3508273668316,86.50648843665249,0.3508273668315951,0.9322395463262696,马来酰亚胺与烯基共聚/加成。,artifacts/trail/generation/vae_latent_local_search_target_records/target_200/generation_record_ledger.csv
train,prompt_rag_replacement_001,functional_group_replacement,195.0,5.0,N#COc1ccc(CC2CCCC(Cc3ccc(OC#N)cc3)C2)cc1|Nc1ccc(Oc2ccc(N)cc2)cc1,0.90000:0.10000,194.62675651389424,37.489550893072206,0.3732434861057641,0.9280694624481634,氰酸酯-胺共反应。,artifacts/trail/generation/prompt_records/generation_record_ledger.csv
train,feedback_rag_replacement_context_001,llm_rag_principle_generation,195.0,5.0,N#COc1ccc(CC2CCCC(Cc3ccc(OC#N)cc3)C2)cc1|Nc1ccc(Oc2ccc(N)cc2)cc1,0.90000:0.10000,194.62675651389424,37.489550893072206,0.3732434861057641,0.9280694624481634,氰酸酯-胺共反应。,artifacts/trail/generation/feedback_aware_llm_rag/generation_record_ledger.csv
train,vae_latent_local_search_ec5bd0046269,vae_latent_local_search,195.0,5.0,N#COc1ccc(CC2CCCC(Cc3ccc(OC#N)cc3)C2)cc1|Nc1ccc(Oc2ccc(N)cc2)cc1,0.90000:0.10000,194.62675651389424,37.489550893072206,0.3732434861057641,0.9280694624481634,氰酸酯-胺共反应。,artifacts/trail/generation/vae_latent_local_search_records/generation_record_ledger.csv
train,vae_latent_local_search_4d7e521bb03d,vae_latent_local_search,190.0,5.0,Cn1cc(C2=C(c3coc4ccccc34)C(=O)NC2=O)c2ccc(O)cc21|Nc1ccc(Oc2ccc(-c3ccc(Oc4ccc(N)cc4)cc3)cc2)cc1,0.10000:0.90000,190.40517515304504,112.11054603718382,0.405175153045036,0.9221613870037996,马来酰亚胺-胺 Michael 加成。,artifacts/trail/generation/vae_latent_local_search_target_records/target_190/generation_record_ledger.csv
eval,vae_latent_local_search_bf0da03fc533,vae_latent_local_search,190.0,5.0,O=c1cc(-c2ccc(OCC3CO3)cc2)oc2cc(OCC3CO3)ccc12|OCCOCCO,0.35000:0.65000,189.57677803659485,54.48576444017796,0.4232219634051546,0.9188389721751924,环氧-羟基醚化，常需催化剂。,artifacts/trail/generation/vae_latent_local_search_target_records/target_190/generation_record_ledger.csv
train,functional_group_replacement_88eb3d283069,functional_group_replacement,200.0,5.0,CC(C)(c1ccc(OC#N)cc1)c1ccc(OC#N)cc1|Nc1ccc(Oc2ccc(N)cc2)cc1,0.45000:0.55000,200.44488255817924,89.14348934145485,0.4448825581792448,0.9148670620527896,氰酸酯-胺共反应。,artifacts/trail/generation/feedback_guided_replacement_target_records/target_200/generation_record_ledger.csv
train,vae_latent_local_search_22a36fc16092,vae_latent_local_search,200.0,5.0,CC(C)(c1ccc(OC#N)cc1)c1ccc(OC#N)cc1|Nc1ccc(Oc2ccc(N)cc2)cc1,0.45000:0.55000,200.44488255817924,89.14348934145485,0.4448825581792448,0.9148670620527896,氰酸酯-胺共反应。,artifacts/trail/generation/vae_latent_local_search_target_records/target_200/generation_record_ledger.csv
train,functional_group_replacement_9096843ff72c,functional_group_replacement,195.0,5.0,CC(C)(c1ccc(OC#N)cc1)c1ccc(OC#N)cc1|CC(c1ccc(Oc2ccc(N)cc2)cc1)(c1ccc(Oc2ccc(N)cc2)cc1)c1ccc(Oc2ccc(N)cc2)cc1,0.20000:0.80000,194.5485119000028,134.2490671089175,0.4514880999971922,0.9136592215453104,氰酸酯-胺共反应。,artifacts/trail/generation/original_replacement_records/generation_record_ledger.csv
train,vae_latent_local_search_f19137b4707c,vae_latent_local_search,195.0,5.0,Nc1ccc(-c2ccc(N)cc2)cc1|O=C1C=CC(=O)N1c1ccccc1N1C(=O)C=CC1=O,0.55000:0.45000,195.4722136422204,70.25119156721226,0.4722136422203959,0.909879843368172,马来酰亚胺-胺 Michael 加成。,artifacts/trail/generation/vae_latent_local_search_records/generation_record_ledger.csv
train,functional_group_replacement_a69b9e27e2b2,functional_group_replacement,250.0,5.0,COc1cc(CC2CO2)ccc1OC(=O)c1ccc(C(=O)Oc2ccc(CC3CO3)cc2OC)cc1|Nc1ccc(-c2ccc(N)cc2)cc1,0.25000:0.75000,249.51056305679705,70.03685420216627,0.4894369432029464,0.9067510084684484,环氧-伯胺开环固化。,artifacts/trail/generation/feedback_guided_replacement_target_records/target_250/generation_record_ledger.csv
train,feedback_rag_replacement_context_001,llm_rag_principle_generation,195.0,5.0,N#COc1ccc(C(F)(F)c2ccc(OC#N)cc2)cc1|Nc1ccc(Oc2ccc(-c3ccc(Oc4ccc(N)cc4)cc3)cc2)cc1,0.20000:0.80000,194.4771576858765,96.18524581928328,0.5228423141234941,0.9007131299308241,氰酸酯-胺共反应。,artifacts/trail/generation/expanded_inventory_feedback_aware_llm_rag/generation_record_ledger.csv
train,vae_latent_local_search_d63422e317c2,vae_latent_local_search,195.0,5.0,N#COc1ccc(C(F)(F)c2ccc(OC#N)cc2)cc1|Nc1ccc(Oc2ccc(-c3ccc(Oc4ccc(N)cc4)cc3)cc2)cc1,0.20000:0.80000,194.4771576858765,96.18524581928328,0.5228423141234941,0.9007131299308241,氰酸酯-胺共反应。,artifacts/trail/generation/vae_latent_local_search_records/generation_record_ledger.csv
train,functional_group_replacement_b8368280152c,functional_group_replacement,195.0,5.0,N#COc1ccc(C(F)(F)c2ccc(OC#N)cc2)cc1|Nc1ccc(Oc2ccc(-c3ccc(Oc4ccc(N)cc4)cc3)cc2)cc1,0.20000:0.80000,194.4771576858765,96.18524581928328,0.5228423141234941,0.9007131299308241,氰酸酯-胺共反应。,artifacts/trail/generation/expanded_inventory_replacement_records/generation_record_ledger.csv
train,vae_latent_local_search_d35038c113a2,vae_latent_local_search,200.0,5.0,COc1cc(CC2CO2)ccc1OC(=O)c1ccc(C(=O)Oc2ccc(CC3CO3)cc2OC)cc1|Nc1cccc(N)c1,0.25000:0.75000,199.46209900320687,74.9933715068322,0.5379009967931268,0.8980045001778142,环氧-伯胺开环固化。,artifacts/trail/generation/vae_latent_local_search_target_records/target_200/generation_record_ledger.csv
train,functional_group_replacement_c8163f11cfee,functional_group_replacement,200.0,5.0,CC(C)(C1CCC(OCC2CO2)CC1)C1CCC(OCC2CO2)CC1|Nc1ccc(Oc2ccc(-c3ccc(Oc4ccc(N)cc4)cc3)cc2)cc1,0.15000:0.85000,200.5552390929117,96.7539952362942,0.5552390929117053,0.8948959552499498,环氧-伯胺开环固化。,artifacts/trail/generation/feedback_guided_replacement_target_records/target_200/generation_record_ledger.csv
train,functional_group_replacement_91097602a65e,functional_group_replacement,195.0,5.0,C=CCc1ccc(OCC2CO2)c(-c2cc(CC=C)ccc2OCC2CO2)c1|CC1(C)CC(N)CC(C)(CN)C1,0.70000:0.30000,195.5690184359816,37.692848373878284,0.5690184359816044,0.8924331347376961,环氧-伯胺开环固化。,artifacts/trail/generation/original_replacement_records/generation_record_ledger.csv
train,vae_latent_local_search_9a87fe3273d6,vae_latent_local_search,195.0,5.0,C=CCc1ccc(OCC2CO2)c(-c2cc(CC=C)ccc2OCC2CO2)c1|CC1(C)CC(N)CC(C)(CN)C1,0.70000:0.30000,195.5690184359816,37.692848373878284,0.5690184359816044,0.8924331347376961,环氧-伯胺开环固化。,artifacts/trail/generation/vae_latent_local_search_records/generation_record_ledger.csv
train,vae_latent_local_search_bd1eaabd29b0,vae_latent_local_search,190.0,5.0,Nc1ccc(Oc2ccc(-c3ccc(Oc4ccc(N)cc4)cc3)cc2)cc1|O=C1OC(=O)C2CCCCC12,0.85000:0.15000,189.41529187695792,89.62487305300597,0.584708123042077,0.8896371245631532,酸酐-胺形成聚酰胺酸/聚酰亚胺前体。,artifacts/trail/generation/vae_latent_local_search_target_records/target_190/generation_record_ledger.csv
train,vae_latent_local_search_df69e6397a8e,vae_latent_local_search,195.0,5.0,C=C(C)C(=O)OCCOc1ccccc1|O=C1C=CC(=O)N(c2ccc(Cc3ccc(N4C(=O)C=CC4=O)cc3)cc2)C1=O,0.30000:0.70000,195.5946019533614,73.07373295608497,0.5946019533614049,0.8878784813574925,马来酰亚胺与烯基共聚/加成。,artifacts/trail/generation/vae_latent_local_search_records/generation_record_ledger.csv
train,vae_latent_local_search_a9e37884a64e,vae_latent_local_search,200.0,5.0,N#COc1ccc(CC2CCCC(Cc3ccc(OC#N)cc3)C2)cc1|Nc1ccc(SSc2ccc(N)cc2)cc1,0.90000:0.10000,200.61671444263928,37.24331539183579,0.6167144426392781,0.8839605106719518,氰酸酯-胺共反应。,artifacts/trail/generation/vae_latent_local_search_target_records/target_200/generation_record_ledger.csv
train,vae_latent_local_search_dae481ba0d08,vae_latent_local_search,200.0,5.0,CC(N)COCC(C)COCC(C)CN|O=C1C=CC(=O)N(c2ccc(Cc3ccc(N4C(=O)C=CC4=O)cc3)cc2)C1=O,0.30000:0.70000,199.36713960695263,70.82969376729797,0.6328603930473662,0.8811106380250511,马来酰亚胺-胺 Michael 加成。,artifacts/trail/generation/vae_latent_local_search_target_records/target_200/generation_record_ledger.csv
train,vae_latent_local_search_b92c53ae7d1f,vae_latent_local_search,195.0,5.0,CC(C)(C1CCC(OCC2CO2)CC1)C1CCC(OCC2CO2)CC1|N=C(N)N1CCC[C@H]1Cc1nc(-c2ccc(Nc3nc(-c4cc(C(F)(F)F)ccc4F)cs3)cc2)no1,0.55000:0.45000,195.6624548438608,117.03350527596396,0.662454843860786,0.8759108446208901,环氧-伯胺开环固化。,artifacts/trail/generation/vae_latent_local_search_records/generation_record_ledger.csv
eval,vae_latent_local_search_4b31251007f8,vae_latent_local_search,195.0,5.0,C=C(C)C(=O)OC(C)(C)C|O=C1C=CC(=O)N(c2ccc(Cc3ccc(N4C(=O)C=CC4=O)cc3)cc2)C1=O,0.30000:0.70000,195.688746304156,73.87406400536577,0.6887463041560125,0.8713171376930404,马来酰亚胺与烯基共聚/加成。,artifacts/trail/generation/vae_latent_local_search_records/generation_record_ledger.csv
train,vae_latent_local_search_ddacf487c4f7,vae_latent_local_search,200.0,5.0,Nc1ccc(-c2ccc(N)cc2)cc1|O=C1C=CC(=O)N1c1cccc(N2C(=O)C=CC2=O)c1,0.10000:0.90000,199.30790101268337,73.07636458449683,0.6920989873166263,0.8707330834707799,马来酰亚胺-胺 Michael 加成。,artifacts/trail/generation/vae_latent_local_search_target_records/target_200/generation_record_ledger.csv
eval,vae_latent_local_search_d2bfaafc955c,vae_latent_local_search,190.0,5.0,COc1cc(CO)cc(-c2cc(CO)cc(OC)c2OCC2CO2)c1OCC1CO1|Nc1ccc(Oc2ccc(-c3ccc(Oc4ccc(N)cc4)cc3)cc2)cc1,0.10000:0.90000,190.6969603139861,108.91158204716947,0.6969603139860965,0.8698869112972393,环氧-伯胺开环固化。,artifacts/trail/generation/vae_latent_local_search_target_records/target_190/generation_record_ledger.csv
train,vae_latent_local_search_3dd4b31df62e,vae_latent_local_search,195.0,5.0,Cc1cc(-c2cc(C)c(OCC3CO3)c(C)c2)c(C)cc1OCC1CO1|O=C(O)CS,0.35000:0.65000,195.72079701466947,62.52793981067184,0.720797014669472,0.8657497340119554,环氧-羧酸开环酯化。,artifacts/trail/generation/vae_latent_local_search_records/generation_record_ledger.csv
eval,vae_latent_local_search_88fc86bb2422,vae_latent_local_search,200.0,5.0,CC(C)(COCC1CO1)COCC1CO1|COc1cc(Nc2ccnc3cc(-c4ccncc4)ccc23)cc(OC)c1OC,0.15000:0.85000,199.2376507138343,80.37176389727159,0.7623492861656871,0.8585847736870144,环氧-仲胺开环固化。,artifacts/trail/generation/vae_latent_local_search_target_records/target_200/generation_record_ledger.csv
eval,vae_latent_local_search_95c50cf308d3,vae_latent_local_search,200.0,5.0,N#COc1ccc(S(=O)(=O)c2ccc(OC#N)cc2)cc1|Nc1ccc(Oc2ccc(-c3ccc(Oc4ccc(N)cc4)cc3)cc2)cc1,0.20000:0.80000,199.19569166757816,96.71759692878967,0.8043083324218401,0.851409841477784,氰酸酯-胺共反应。,artifacts/trail/generation/vae_latent_local_search_target_records/target_200/generation_record_ledger.csv
train,vae_latent_local_search_e12bc2b7f5de,vae_latent_local_search,190.0,5.0,C=CCc1ccc(OCC2CO2)c(-c2cc(CC=C)ccc2OCC2CO2)c1|OCCOCCO,0.35000:0.65000,190.86181055214803,51.5512207341114,0.8618105521480288,0.8416743389235454,环氧-羟基醚化，常需催化剂。,artifacts/trail/generation/vae_latent_local_search_target_records/target_190/generation_record_ledger.csv
eval,vae_latent_local_search_9b089207c99e,vae_latent_local_search,200.0,5.0,COc1cc(COCC2CO2)ccc1OCC1CO1|Nc1ccc(Oc2ccc(-c3ccc(Oc4ccc(N)cc4)cc3)cc2)cc1,0.15000:0.85000,199.0959018221041,85.84733972393552,0.9040981778958894,0.8345858747194339,环氧-伯胺开环固化。,artifacts/trail/generation/vae_latent_local_search_target_records/target_200/generation_record_ledger.csv
train,functional_group_replacement_17b4872ebd6f,functional_group_replacement,195.0,5.0,CC1(C)CC(N)CC(C)(CN)C1|O=C=Nc1ccc(Cc2ccc(N=C=O)cc2)cc1,0.50000:0.50000,194.0782066429732,48.12142957874608,0.921793357026786,0.8316374657486134,异氰酸酯-伯胺形成聚脲。,artifacts/trail/generation/original_replacement_records/generation_record_ledger.csv
train,vae_latent_local_search_030872799d3c,vae_latent_local_search,195.0,5.0,CC1(C)CC(N)CC(C)(CN)C1|O=C=Nc1ccc(Cc2ccc(N=C=O)cc2)cc1,0.50000:0.50000,194.0782066429732,48.12142957874608,0.921793357026786,0.8316374657486134,异氰酸酯-伯胺形成聚脲。,artifacts/trail/generation/vae_latent_local_search_records/generation_record_ledger.csv
train,functional_group_replacement_afa13c8182f1,functional_group_replacement,190.0,5.0,C(=N/c1ccc(OCC2CO2)cc1)\c1ccc(OCC2CO2)cc1|Nc1ccc(-c2ccc(N)cc2)cc1,0.65000:0.35000,190.99411482855,35.98658503622384,0.9941148285500104,0.8196949946099815,环氧-伯胺开环固化。,artifacts/trail/generation/feedback_guided_replacement_target_records/target_190/generation_record_ledger.csv
eval,vae_latent_local_search_cfa733197b96,vae_latent_local_search,190.0,5.0,C(=N/c1ccc(OCC2CO2)cc1)\c1ccc(OCC2CO2)cc1|Nc1ccc(-c2ccc(N)cc2)cc1,0.65000:0.35000,190.99411482855,35.98658503622384,0.9941148285500104,0.8196949946099815,环氧-伯胺开环固化。,artifacts/trail/generation/vae_latent_local_search_target_records/target_190/generation_record_ledger.csv
train,vae_latent_local_search_23244cc686a8,vae_latent_local_search,250.0,5.0,CC(C)(c1ccc(OC#N)cc1)c1ccc(OC#N)cc1|COc1cnc(-c2ccc(O)c(O)c2)o1,0.45000:0.55000,248.91579168213627,101.79379649543814,1.0842083178637267,0.8050574291310318,氰酸酯-酚共固化/催化三聚。,artifacts/trail/generation/vae_latent_local_search_target_records/target_250/generation_record_ledger.csv
train,functional_group_replacement_371ee8a77aa9,functional_group_replacement,200.0,5.0,Cc1cc(-c2cc(C)c(OCC3CO3)c(C)c2)c(C)cc1OCC1CO1|OCCCCO,0.35000:0.65000,201.19595627410803,65.73486770741975,1.1959562741080276,0.787264299880103,环氧-羟基醚化，常需催化剂。,artifacts/trail/generation/feedback_guided_replacement_target_records/target_200/generation_record_ledger.csv
train,vae_latent_local_search_97978b736aeb,vae_latent_local_search,200.0,5.0,Cc1cc(-c2cc(C)c(OCC3CO3)c(C)c2)c(C)cc1OCC1CO1|OCCCCO,0.35000:0.65000,201.19595627410803,65.73486770741975,1.1959562741080276,0.787264299880103,环氧-羟基醚化，常需催化剂。,artifacts/trail/generation/vae_latent_local_search_target_records/target_200/generation_record_ledger.csv
train,functional_group_replacement_21488cac6e6e,functional_group_replacement,200.0,5.0,COc1cc(C(c2cc(C)c(OCC3CO3)c(OCC3CO3)c2)c2cc(C)c(OCC3CO3)c(OCC3CO3)c2)ccc1OCC1CO1|Nc1ccc(Oc2ccc(-c3ccc(Oc4ccc(N)cc4)cc3)cc2)cc1,0.35000:0.65000,201.2386158587489,106.09391472312524,1.2386158587488865,0.7805759988594403,环氧-伯胺开环固化。,artifacts/trail/generation/feedback_guided_replacement_target_records/target_200/generation_record_ledger.csv
train,functional_group_replacement_c0465d048ddb,functional_group_replacement,195.0,5.0,COc1cc(/C=N/c2ccc(OCC3CO3)cc2)ccc1OCC1CO1|Nc1ccc(Oc2ccc(N)cc2)cc1,0.65000:0.35000,196.29337714466604,12.377238555415408,1.2933771446660387,0.7720735751244461,环氧-伯胺开环固化。,artifacts/trail/generation/original_replacement_records/generation_record_ledger.csv
train,vae_latent_local_search_d0383c472f81,vae_latent_local_search,195.0,5.0,COc1cc(/C=N/c2ccc(OCC3CO3)cc2)ccc1OCC1CO1|Nc1ccc(Oc2ccc(N)cc2)cc1,0.65000:0.35000,196.29337714466604,12.377238555415408,1.2933771446660387,0.7720735751244461,环氧-伯胺开环固化。,artifacts/trail/generation/vae_latent_local_search_records/generation_record_ledger.csv
train,vae_latent_local_search_d210dc70cab6,vae_latent_local_search,200.0,5.0,Nc1ccc(Oc2ccc(-c3ccc(Oc4ccc(N)cc4)cc3)cc2)cc1|O=c1cc(-c2ccc(OCC3CO3)cc2)oc2cc(OCC3CO3)ccc12,0.65000:0.35000,201.3647503185392,95.80319363547756,1.364750318539194,0.761130794729698,环氧-伯胺开环固化。,artifacts/trail/generation/vae_latent_local_search_target_records/target_200/generation_record_ledger.csv
train,functional_group_replacement_a2aa58edf2ef,functional_group_replacement,195.0,5.0,N#COc1ccc(CC2CCCC(Cc3ccc(OC#N)cc3)C2)cc1|Nc1ccc(Oc2ccc(-c3ccc(Oc4ccc(N)cc4)cc3)cc2)cc1,0.20000:0.80000,193.59784113235835,98.36934990377974,1.4021588676416457,0.7554574844826542,氰酸酯-胺共反应。,artifacts/trail/generation/feedback_guided_replacement_records/generation_record_ledger.csv
train,vae_latent_local_search_64a492ed55ad,vae_latent_local_search,195.0,5.0,Nc1ccc(-c2ccc(N)c(C(F)(F)F)c2)c(C(F)(F)F)c1|O=C=Nc1ccc(N=C=O)cc1,0.65000:0.35000,193.5256321247264,132.78311968723563,1.4743678752736002,0.7446257207813882,异氰酸酯-伯胺形成聚脲。,artifacts/trail/generation/vae_latent_local_search_records/generation_record_ledger.csv
train,functional_group_replacement_802fd2cf7fad,functional_group_replacement,195.0,5.0,Nc1ccc(-c2ccc(N)c(C(F)(F)F)c2)c(C(F)(F)F)c1|O=C=Nc1ccc(N=C=O)cc1,0.65000:0.35000,193.5256321247264,132.78311968723563,1.4743678752736002,0.7446257207813882,异氰酸酯-伯胺形成聚脲。,artifacts/trail/generation/expanded_inventory_replacement_records/generation_record_ledger.csv
train,functional_group_replacement_4a9b8a8b6eb1,functional_group_replacement,250.0,5.0,CC(C)(c1ccc(OCCOCCOCCOCC2CO2)cc1)c1ccc(OCCOCCOCCOCC2CO2)cc1|Nc1ccc(Oc2ccc(-c3ccc(Oc4ccc(N)cc4)cc3)cc2)cc1,0.15000:0.85000,251.4787864650889,88.24239800803096,1.4787864650888878,0.7439679723310455,环氧-伯胺开环固化。,artifacts/trail/generation/feedback_guided_replacement_target_records/target_250/generation_record_ledger.csv
eval,vae_latent_local_search_2d23dcd47aa7,vae_latent_local_search,195.0,5.0,COc1cc(Nc2ccnc3cc(-c4ccncc4)ccc23)cc(OC)c1OC|O=C1OC(=O)c2cc(-c3ccc4c(c3)C(=O)OC4=O)ccc21,0.45000:0.55000,193.49436093062727,90.91428164530956,1.5056390693727335,0.7399831865839477,酸酐-胺开环形成酰胺酸。,artifacts/trail/generation/vae_latent_local_search_records/generation_record_ledger.csv
train,vae_latent_local_search_a675632a1520,vae_latent_local_search,190.0,5.0,Cc1cc(-c2cc(C)c(OCC3CO3)c(C)c2)c(C)cc1OCC1CO1|OCCCCCCO,0.35000:0.65000,188.3331420690059,53.36714545069961,1.666857930994098,0.716503901722186,环氧-羟基醚化，常需催化剂。,artifacts/trail/generation/vae_latent_local_search_target_records/target_190/generation_record_ledger.csv
train,functional_group_replacement_13f3de3b3ed1,functional_group_replacement,200.0,5.0,CCCCC1OC1CCCCC1OC1CCCCCCCC(=O)Oc1ccccc1|Nc1ccc(Oc2ccc(-c3ccc(Oc4ccc(N)cc4)cc3)cc2)cc1,0.10000:0.90000,198.3182183708816,103.67372123263556,1.6817816291184045,0.7143685125110343,环氧-伯胺开环固化。,artifacts/trail/generation/feedback_guided_replacement_target_records/target_200/generation_record_ledger.csv
train,functional_group_replacement_22714cf5ab96,functional_group_replacement,200.0,5.0,CC(C)(c1ccc(Oc2ccc3c(c2)C(=O)OC3=O)cc1)c1ccc(Oc2ccc3c(c2)C(=O)OC3=O)cc1|Nc1ccc(Oc2ccc(-c3ccc(Oc4ccc(N)cc4)cc3)cc2)cc1,0.55000:0.45000,201.68689520203384,18.336383961452853,1.6868952020338384,0.7136382908833927,酸酐-胺形成聚酰胺酸/聚酰亚胺前体。,artifacts/trail/generation/feedback_guided_replacement_target_records/target_200/generation_record_ledger.csv
train,vae_latent_local_search_f7cc80ab9838,vae_latent_local_search,190.0,5.0,CC(C)(COCC1CO1)COCC1CO1|CCNC(=O)Nc1nc2cc(-c3cccnc3)cc(-c3cnn(C)c3)n2n1,0.15000:0.85000,188.28118879446927,104.61622477207192,1.7188112055307272,0.7090975022464785,环氧-仲胺开环固化。,artifacts/trail/generation/vae_latent_local_search_target_records/target_190/generation_record_ledger.csv
train,vae_latent_local_search_8891c3caff63,vae_latent_local_search,190.0,5.0,Nc1ccc(Oc2ccc(-c3ccc(Oc4ccc(N)cc4)cc3)cc2)cc1|c1ccc(C(c2ccc(OCC3CO3)cc2)c2ccc(OCC3CO3)cc2)cc1,0.90000:0.10000,188.21528915125563,112.41157118250612,1.7847108487443677,0.6998129669240468,环氧-伯胺开环固化。,artifacts/trail/generation/vae_latent_local_search_target_records/target_190/generation_record_ledger.csv
train,vae_latent_local_search_ea3d1446e84d,vae_latent_local_search,195.0,5.0,COc1cc(CO)cc(-c2cc(CO)cc(OC)c2OCC2CO2)c1OCC1CO1|Nc1ccc(C(F)(F)F)c(-c2ccc(N)cc2C(F)(F)F)c1,0.80000:0.20000,193.19146810281464,74.03124797795057,1.808531897185361,0.6964868406798193,环氧-伯胺开环固化。,artifacts/trail/generation/vae_latent_local_search_records/generation_record_ledger.csv
train,functional_group_replacement_ae180784db50,functional_group_replacement,195.0,5.0,COc1ccc(OCC2CO2)c(CCCC(=O)OCCCOC(=O)CCc2ccc(OCC3CO3)c(OC)c2)c1|Nc1ccc(Cc2ccc(N)cc2)cc1,0.20000:0.80000,193.1781385705441,62.87922143737188,1.8218614294559077,0.694632544704069,环氧-伯胺开环固化。,artifacts/trail/generation/original_replacement_records/generation_record_ledger.csv
train,vae_latent_local_search_7e13c3be824c,vae_latent_local_search,195.0,5.0,COc1ccc(OCC2CO2)c(CCCC(=O)OCCCOC(=O)CCc2ccc(OCC3CO3)c(OC)c2)c1|Nc1ccc(Cc2ccc(N)cc2)cc1,0.20000:0.80000,193.1781385705441,62.87922143737188,1.8218614294559077,0.694632544704069,环氧-伯胺开环固化。,artifacts/trail/generation/vae_latent_local_search_records/generation_record_ledger.csv
train,vae_latent_local_search_b3690669886e,vae_latent_local_search,200.0,5.0,CC1(C)CC(CN)CC(C)(N)C1|O=c1cc(-c2ccc(OCC3CO3)cc2)oc2cc(OCC3CO3)ccc12,0.30000:0.70000,198.1222875034172,24.53248693424201,1.8777124965828025,0.6869165259451727,环氧-伯胺开环固化。,artifacts/trail/generation/vae_latent_local_search_target_records/target_200/generation_record_ledger.csv
train,vae_latent_local_search_7935f8bf3d85,vae_latent_local_search,195.0,5.0,COc1ccc(OCC2CO2)c(CCCC(=O)OCCOC(=O)CCc2ccc(OCC3CO3)c(OC)c2)c1|Nc1ccc(Cc2ccc(N)cc2)cc1,0.20000:0.80000,196.8804446371926,62.433497070058976,1.880444637192596,0.686541277970318,环氧-伯胺开环固化。,artifacts/trail/generation/vae_latent_local_search_records/generation_record_ledger.csv
eval,functional_group_replacement_e3383997efc1,functional_group_replacement,195.0,5.0,COc1ccc(OCC2CO2)c(CCCC(=O)OCCOC(=O)CCc2ccc(OCC3CO3)c(OC)c2)c1|Nc1ccc(Cc2ccc(N)cc2)cc1,0.20000:0.80000,196.8804446371926,62.433497070058976,1.880444637192596,0.686541277970318,环氧-伯胺开环固化。,artifacts/trail/generation/expanded_inventory_replacement_records/generation_record_ledger.csv
train,vae_latent_local_search_9b184bcfa6c3,vae_latent_local_search,195.0,5.0,CC(C)(c1ccc(OC#N)cc1)c1ccc(OC#N)cc1|Oc1ccc(Oc2ccc(O)cc2)cc1,0.45000:0.55000,193.104993303116,84.3271480947696,1.8950066968839965,0.6845446958023806,氰酸酯-酚共固化/催化三聚。,artifacts/trail/generation/vae_latent_local_search_records/generation_record_ledger.csv
train,vae_latent_local_search_706224be7c22,vae_latent_local_search,200.0,5.0,CC1CCC2C(=O)OC(=O)C2C1|Nc1ccc(Oc2ccc(-c3ccc(Oc4ccc(N)cc4)cc3)cc2)cc1,0.15000:0.85000,201.9215076976663,86.94320216765949,1.9215076976663,0.6809260700901032,酸酐-胺形成聚酰胺酸/聚酰亚胺前体。,artifacts/trail/generation/vae_latent_local_search_target_records/target_200/generation_record_ledger.csv
eval,vae_latent_local_search_147a2280d342,vae_latent_local_search,190.0,5.0,CC(C)(c1ccc(OC#N)cc1)c1ccc(OC#N)cc1|N#Cc1c(N)nc(Sc2ccc(O)cc2)c(C#N)c1-c1ccc(Cl)cc1,0.20000:0.80000,188.07013572297168,84.69691683076957,1.9298642770283152,0.6797889780259224,氰酸酯-酚共固化/催化三聚。,artifacts/trail/generation/vae_latent_local_search_target_records/target_190/generation_record_ledger.csv
train,vae_latent_local_search_a9f1876e1fcd,vae_latent_local_search,200.0,5.0,Nc1cccc(S(=O)(=O)c2cccc(N)c2)c1|O=C=NC1CCC(CC2CCC(N=C=O)CC2)CC1,0.55000:0.45000,202.0135219340538,61.20375737509512,2.013521934053813,0.6685096903984723,异氰酸酯-伯胺形成聚脲。,artifacts/trail/generation/vae_latent_local_search_target_records/target_200/generation_record_ledger.csv
train,vae_latent_local_search_93f111e2be92,vae_latent_local_search,250.0,5.0,Nc1ccc(C(F)(F)F)c(-c2ccc(N)cc2C(F)(F)F)c1|c1ccc(C(c2ccc(OCC3CO3)cc2)c2ccc(OCC3CO3)cc2)cc1,0.20000:0.80000,252.02993724273128,66.06591757150007,2.029937242731279,0.6663185306386172,环氧-伯胺开环固化。,artifacts/trail/generation/vae_latent_local_search_target_records/target_250/generation_record_ledger.csv
train,vae_latent_local_search_b3a6fe4273d8,vae_latent_local_search,190.0,5.0,Nc1ccc(Oc2ccc(-c3ccc(Oc4ccc(N)cc4)cc3)cc2)cc1|O=C(c1ccc2c(c1)C(=O)OC2=O)c1ccc2c(c1)C(=O)OC2=O,0.90000:0.10000,192.12658689528973,112.45429741416896,2.126586895289733,0.6535623252147864,酸酐-胺形成聚酰胺酸/聚酰亚胺前体。,artifacts/trail/generation/vae_latent_local_search_target_records/target_190/generation_record_ledger.csv
train,functional_group_replacement_406a390a5101,functional_group_replacement,250.0,5.0,Cc1ccc(N=C=O)cc1N=C=O|Nc1ccc(C(F)(F)F)c(-c2ccc(N)cc2C(F)(F)F)c1,0.35000:0.65000,252.14572004407407,95.27024262999537,2.145720044074068,0.6510661631631056,异氰酸酯-伯胺形成聚脲。,artifacts/trail/generation/feedback_guided_replacement_target_records/target_250/generation_record_ledger.csv
eval,vae_latent_local_search_83744cfbca56,vae_latent_local_search,250.0,5.0,Cc1ccc(N=C=O)cc1N=C=O|Nc1ccc(C(F)(F)F)c(-c2ccc(N)cc2C(F)(F)F)c1,0.35000:0.65000,252.14572004407407,95.27024262999537,2.145720044074068,0.6510661631631056,异氰酸酯-伯胺形成聚脲。,artifacts/trail/generation/vae_latent_local_search_target_records/target_250/generation_record_ledger.csv
train,functional_group_replacement_a814e2bc1921,functional_group_replacement,190.0,5.0,COc1ccc(OCC2CO2)c(CCCC(=O)OCCCCOC(=O)CCc2ccc(OCC3CO3)c(OC)c2)c1|Nc1ccc(Cc2ccc(N)cc2)cc1,0.20000:0.80000,187.8539341627896,65.17091103713503,2.1460658372103865,0.6510211378779649,环氧-伯胺开环固化。,artifacts/trail/generation/feedback_guided_replacement_target_records/target_190/generation_record_ledger.csv
train,vae_latent_local_search_17f99b501bb9,vae_latent_local_search,190.0,5.0,COc1ccc(OCC2CO2)c(CCCC(=O)OCCCCOC(=O)CCc2ccc(OCC3CO3)c(OC)c2)c1|Nc1ccc(Cc2ccc(N)cc2)cc1,0.20000:0.80000,187.8539341627896,65.17091103713503,2.1460658372103865,0.6510211378779649,环氧-伯胺开环固化。,artifacts/trail/generation/vae_latent_local_search_target_records/target_190/generation_record_ledger.csv
train,vae_latent_local_search_25fc0c939cd9,vae_latent_local_search,200.0,5.0,CC(C)(C1CCC(OCC2CO2)CC1)C1CCC(OCC2CO2)CC1|COCCOc1ccc(N2CCN(Cc3cccc(-c4cc5nc(-c6ccco6)nn5c(N)n4)c3)CC2)c(Cl)c1,0.55000:0.45000,197.8532428274388,109.315764321088,2.1467571725611947,0.6509311293153707,环氧-伯胺开环固化。,artifacts/trail/generation/vae_latent_local_search_target_records/target_200/generation_record_ledger.csv
train,vae_latent_local_search_dc56563a6965,vae_latent_local_search,200.0,5.0,Nc1ccc(Cc2ccc(N)cc2)cc1|O=C(Oc1cccc(OC(=O)c2ccc(OCCOCC3CO3)cc2)c1)c1ccc(OCCOCC2CO2)cc1,0.80000:0.20000,197.82855524573807,68.30451555077111,2.171444754261927,0.64772506773219,环氧-伯胺开环固化。,artifacts/trail/generation/vae_latent_local_search_target_records/target_200/generation_record_ledger.csv
train,functional_group_replacement_3e7e8c7c6993,functional_group_replacement,190.0,5.0,CC(C)(C1CCC(OCC2CO2)CC1)C1CCC(OCC2CO2)CC1|O=C1OC(=O)c2cc(-c3ccc4c(c3)C(=O)OC4=O)ccc21,0.55000:0.45000,187.803742634895,72.95909123784206,2.196257365104998,0.6445186801892396,环氧-酸酐固化，常需催化剂。,artifacts/trail/generation/feedback_guided_replacement_target_records/target_190/generation_record_ledger.csv
eval,vae_latent_local_search_4a88ace749d0,vae_latent_local_search,190.0,5.0,COc1cc(Nc2ccnc3cc(-c4ccncc4)ccc23)cc(OC)c1OC|Cc1cc(-c2cc(C)c(OCC3CO3)c(C)c2)c(C)cc1OCC1CO1,0.65000:0.35000,192.20032996390188,86.77447333678221,2.200329963901879,0.6439939207314244,环氧-仲胺开环固化。,artifacts/trail/generation/vae_latent_local_search_target_records/target_190/generation_record_ledger.csv
train,functional_group_replacement_a74f1dff9780,functional_group_replacement,200.0,5.0,C=CCc1ccc(OCC2CO2)c(-c2cc(CC=C)ccc2OCC2CO2)c1|CC1(C)CC(N)CC(C)(C)C1CN,0.70000:0.30000,197.7983400415032,37.95878754142913,2.201659958496805,0.6438226418256886,环氧-伯胺开环固化。,artifacts/trail/generation/feedback_guided_replacement_target_records/target_200/generation_record_ledger.csv
eval,vae_latent_local_search_b975f0e4d8b7,vae_latent_local_search,200.0,5.0,C=CCc1ccc(OCC2CO2)c(-c2cc(CC=C)ccc2OCC2CO2)c1|CC1(C)CC(N)CC(C)(C)C1CN,0.70000:0.30000,197.7983400415032,37.95878754142913,2.201659958496805,0.6438226418256886,环氧-伯胺开环固化。,artifacts/trail/generation/vae_latent_local_search_target_records/target_200/generation_record_ledger.csv
train,vae_latent_local_search_4ff15b194058,vae_latent_local_search,195.0,5.0,CC(C)(c1ccc(OCCOCC2CO2)cc1)c1ccc(OCCOCC2CO2)cc1|Nc1ccc(C(c2ccc(N)cc2)(C(F)(F)F)C(F)(F)F)cc1,0.80000:0.20000,192.7657537203989,68.27140880994293,2.234246279601109,0.6396403229995234,环氧-伯胺开环固化。,artifacts/trail/generation/vae_latent_local_search_records/generation_record_ledger.csv
train,functional_group_replacement_d3732844e055,functional_group_replacement,195.0,5.0,CC(C)(c1ccc(OCCOCC2CO2)cc1)c1ccc(OCCOCC2CO2)cc1|Nc1ccc(C(c2ccc(N)cc2)(C(F)(F)F)C(F)(F)F)cc1,0.80000:0.20000,192.7657537203989,68.27140880994293,2.234246279601109,0.6396403229995234,环氧-伯胺开环固化。,artifacts/trail/generation/expanded_inventory_replacement_records/generation_record_ledger.csv
train,functional_group_replacement_367d701a9965,functional_group_replacement,190.0,5.0,CC1(C)CC(N)CC(C)(C)C1CN|O=C=Nc1ccc(Cc2ccc(N=C=O)cc2)cc1,0.50000:0.50000,192.2804567744892,52.47684892811741,2.2804567744892097,0.6337559377449451,异氰酸酯-伯胺形成聚脲。,artifacts/trail/generation/feedback_guided_replacement_target_records/target_190/generation_record_ledger.csv
train,vae_latent_local_search_fb970d61ccec,vae_latent_local_search,190.0,5.0,CC1(C)CC(N)CC(C)(C)C1CN|O=C=Nc1ccc(Cc2ccc(N=C=O)cc2)cc1,0.50000:0.50000,192.2804567744892,52.47684892811741,2.2804567744892097,0.6337559377449451,异氰酸酯-伯胺形成聚脲。,artifacts/trail/generation/vae_latent_local_search_target_records/target_190/generation_record_ledger.csv
train,vae_latent_local_search_e1d4f496f838,vae_latent_local_search,190.0,5.0,N#COc1ccc(CC2CCCC(Cc3ccc(OC#N)cc3)C2)cc1|Oc1ccc(Oc2ccc(O)cc2)cc1,0.90000:0.10000,192.33331793180804,37.34573188759212,2.33331793180804,0.6270910169017128,氰酸酯-酚共固化/催化三聚。,artifacts/trail/generation/vae_latent_local_search_target_records/target_190/generation_record_ledger.csv
train,vae_latent_local_search_54d2cf7b9459,vae_latent_local_search,200.0,5.0,CC1(C)CC(CN)CC(C)(N)C1|O=C=Nc1ccc(Oc2ccc(N=C=O)cc2)cc1,0.50000:0.50000,197.63889846251084,49.8071021064497,2.361101537489162,0.6236161104780066,异氰酸酯-伯胺形成聚脲。,artifacts/trail/generation/vae_latent_local_search_target_records/target_200/generation_record_ledger.csv
train,vae_latent_local_search_cfda3d813b34,vae_latent_local_search,195.0,5.0,CC(C)(c1ccc(N)cc1)c1ccc(C(C)(C)c2ccc(N)cc2)cc1|O=C1OC(=O)c2cc(-c3ccc4c(c3)C(=O)OC4=O)ccc21,0.45000:0.55000,197.3911947962372,108.71438967993348,2.391194796237187,0.6198740546451043,酸酐-胺形成聚酰胺酸/聚酰亚胺前体。,artifacts/trail/generation/vae_latent_local_search_records/generation_record_ledger.csv
train,functional_group_replacement_d36457c886fc,functional_group_replacement,195.0,5.0,Nc1ccc(Oc2ccc(-c3ccc(Oc4ccc(N)cc4)cc3)cc2)cc1|c1cc(N(CC2CO2)CC2CO2)ccc1OCC1CO1,0.90000:0.10000,192.55677945572413,98.04242356308404,2.4432205442758743,0.6134576122806595,环氧-伯胺开环固化。,artifacts/trail/generation/expanded_inventory_replacement_records/generation_record_ledger.csv
train,vae_latent_local_search_40da9effc002,vae_latent_local_search,200.0,5.0,CCCCC1OC1CCCCC1OC1CCCCCCCC(=O)Oc1ccccc1|COC(C)(C)CCn1nc(Nc2c(Cl)cccc2Cl)c2cnc(Nc3ccc(OCCN4CCCC4)c(F)c3)nc21,0.10000:0.90000,202.5074681527758,137.038683085379,2.5074681527758003,0.6056254032143255,环氧-仲胺开环固化。,artifacts/trail/generation/vae_latent_local_search_target_records/target_200/generation_record_ledger.csv
train,functional_group_replacement_b3983e86442f,functional_group_replacement,200.0,5.0,CC(C)(c1ccc(OCCOCC2CO2)cc1)c1ccc(OCCOCC2CO2)cc1|CC(c1ccc(Oc2ccc(N)cc2)cc1)(c1ccc(Oc2ccc(N)cc2)cc1)c1ccc(Oc2ccc(N)cc2)cc1,0.10000:0.90000,202.52911366705703,127.76499806667216,2.5291136670570324,0.6030092554236876,环氧-伯胺开环固化。,artifacts/trail/generation/feedback_guided_replacement_target_records/target_200/generation_record_ledger.csv
train,vae_latent_local_search_cfda3d813b34,vae_latent_local_search,200.0,5.0,CC(C)(c1ccc(N)cc1)c1ccc(C(C)(C)c2ccc(N)cc2)cc1|O=C1OC(=O)c2cc(-c3ccc4c(c3)C(=O)OC4=O)ccc21,0.45000:0.55000,197.3911947962372,108.71438967993348,2.608805203762813,0.593474494398808,酸酐-胺形成聚酰胺酸/聚酰亚胺前体。,artifacts/trail/generation/vae_latent_local_search_target_records/target_200/generation_record_ledger.csv
train,vae_latent_local_search_54d2cf7b9459,vae_latent_local_search,195.0,5.0,CC1(C)CC(CN)CC(C)(N)C1|O=C=Nc1ccc(Oc2ccc(N=C=O)cc2)cc1,0.50000:0.50000,197.63889846251084,49.8071021064497,2.638898462510838,0.5899133056223641,异氰酸酯-伯胺形成聚脲。,artifacts/trail/generation/vae_latent_local_search_records/generation_record_ledger.csv
train,functional_group_replacement_54d7ecd05b47,functional_group_replacement,195.0,5.0,CC1(C)CC(CN)CC(C)(N)C1|O=C=Nc1ccc(Oc2ccc(N=C=O)cc2)cc1,0.50000:0.50000,197.63889846251084,49.8071021064497,2.638898462510838,0.5899133056223641,异氰酸酯-伯胺形成聚脲。,artifacts/trail/generation/expanded_inventory_replacement_records/generation_record_ledger.csv
train,vae_latent_local_search_e1d4f496f838,vae_latent_local_search,195.0,5.0,N#COc1ccc(CC2CCCC(Cc3ccc(OC#N)cc3)C2)cc1|Oc1ccc(Oc2ccc(O)cc2)cc1,0.90000:0.10000,192.33331793180804,37.34573188759212,2.6666820681919603,0.5866444124634973,氰酸酯-酚共固化/催化三聚。,artifacts/trail/generation/vae_latent_local_search_records/generation_record_ledger.csv
train,functional_group_replacement_367d701a9965,functional_group_replacement,195.0,5.0,CC1(C)CC(N)CC(C)(C)C1CN|O=C=Nc1ccc(Cc2ccc(N=C=O)cc2)cc1,0.50000:0.50000,192.2804567744892,52.47684892811741,2.7195432255107903,0.5804749419475976,异氰酸酯-伯胺形成聚脲。,artifacts/trail/generation/original_replacement_records/generation_record_ledger.csv
train,vae_latent_local_search_fb970d61ccec,vae_latent_local_search,195.0,5.0,CC1(C)CC(N)CC(C)(C)C1CN|O=C=Nc1ccc(Cc2ccc(N=C=O)cc2)cc1,0.50000:0.50000,192.2804567744892,52.47684892811741,2.7195432255107903,0.5804749419475976,异氰酸酯-伯胺形成聚脲。,artifacts/trail/generation/vae_latent_local_search_records/generation_record_ledger.csv
train,vae_latent_local_search_1c21dc39aa87,vae_latent_local_search,190.0,5.0,N#COc1ccc(C(F)(F)c2ccc(OC#N)cc2)cc1|Nc1ccc(-c2ccc(N)cc2)cc1,0.45000:0.55000,187.2714157166484,115.83293450402788,2.7285842833516085,0.5794262688396924,氰酸酯-胺共反应。,artifacts/trail/generation/vae_latent_local_search_target_records/target_190/generation_record_ledger.csv
eval,vae_latent_local_search_d3df94b75ecd,vae_latent_local_search,190.0,5.0,Cc1cc(-c2cc(C)c(OCC3CO3)c(C)c2)c(C)cc1OCC1CO1|O=C1CC(c2ccc(-c3ccccc3)cc2)c2c(ccc3ccccc23)N1,0.35000:0.65000,187.24551696561608,100.77433368796449,2.754483034383924,0.5764327450497447,环氧-仲胺开环固化。,artifacts/trail/generation/vae_latent_local_search_target_records/target_190/generation_record_ledger.csv
train,vae_latent_local_search_4ff15b194058,vae_latent_local_search,190.0,5.0,CC(C)(c1ccc(OCCOCC2CO2)cc1)c1ccc(OCCOCC2CO2)cc1|Nc1ccc(C(c2ccc(N)cc2)(C(F)(F)F)C(F)(F)F)cc1,0.80000:0.20000,192.7657537203989,68.27140880994293,2.765753720398891,0.5751348499205177,环氧-伯胺开环固化。,artifacts/trail/generation/vae_latent_local_search_target_records/target_190/generation_record_ledger.csv
train,functional_group_replacement_a74f1dff9780,functional_group_replacement,195.0,5.0,C=CCc1ccc(OCC2CO2)c(-c2cc(CC=C)ccc2OCC2CO2)c1|CC1(C)CC(N)CC(C)(C)C1CN,0.70000:0.30000,197.7983400415032,37.95878754142913,2.798340041503195,0.5713987319989962,环氧-伯胺开环固化。,artifacts/trail/generation/original_replacement_records/generation_record_ledger.csv
eval,vae_latent_local_search_b975f0e4d8b7,vae_latent_local_search,195.0,5.0,C=CCc1ccc(OCC2CO2)c(-c2cc(CC=C)ccc2OCC2CO2)c1|CC1(C)CC(N)CC(C)(C)C1CN,0.70000:0.30000,197.7983400415032,37.95878754142913,2.798340041503195,0.5713987319989962,环氧-伯胺开环固化。,artifacts/trail/generation/vae_latent_local_search_records/generation_record_ledger.csv
eval,vae_latent_local_search_4a88ace749d0,vae_latent_local_search,195.0,5.0,COc1cc(Nc2ccnc3cc(-c4ccncc4)ccc23)cc(OC)c1OC|Cc1cc(-c2cc(C)c(OCC3CO3)c(C)c2)c(C)cc1OCC1CO1,0.65000:0.35000,192.20032996390188,86.77447333678221,2.799670036098121,0.5712467607669627,环氧-仲胺开环固化。,artifacts/trail/generation/vae_latent_local_search_records/generation_record_ledger.csv
train,vae_latent_local_search_dc56563a6965,vae_latent_local_search,195.0,5.0,Nc1ccc(Cc2ccc(N)cc2)cc1|O=C(Oc1cccc(OC(=O)c2ccc(OCCOCC3CO3)cc2)c1)c1ccc(OCCOCC2CO2)cc1,0.80000:0.20000,197.82855524573807,68.30451555077111,2.828555245738073,0.5679561584044586,环氧-伯胺开环固化。,artifacts/trail/generation/vae_latent_local_search_records/generation_record_ledger.csv
train,vae_latent_local_search_25fc0c939cd9,vae_latent_local_search,195.0,5.0,CC(C)(C1CCC(OCC2CO2)CC1)C1CCC(OCC2CO2)CC1|COCCOc1ccc(N2CCN(Cc3cccc(-c4cc5nc(-c6ccco6)nn5c(N)n4)c3)CC2)c(Cl)c1,0.55000:0.45000,197.8532428274388,109.315764321088,2.8532428274388053,0.5651587773323524,环氧-伯胺开环固化。,artifacts/trail/generation/vae_latent_local_search_records/generation_record_ledger.csv
train,vae_latent_local_search_b3a6fe4273d8,vae_latent_local_search,195.0,5.0,Nc1ccc(Oc2ccc(-c3ccc(Oc4ccc(N)cc4)cc3)cc2)cc1|O=C(c1ccc2c(c1)C(=O)OC2=O)c1ccc2c(c1)C(=O)OC2=O,0.90000:0.10000,192.12658689528973,112.45429741416896,2.8734131047102665,0.5628834878915987,酸酐-胺形成聚酰胺酸/聚酰亚胺前体。,artifacts/trail/generation/vae_latent_local_search_records/generation_record_ledger.csv
train,vae_latent_local_search_7daf9c2c5739,vae_latent_local_search,200.0,5.0,COc1cc(/C=N/c2ccc(OCC3CO3)cc2)ccc1OCC1CO1|Nc1ccc(SSc2ccc(N)cc2)cc1,0.65000:0.35000,202.8867726903856,22.13427497185734,2.8867726903856123,0.5613815173192729,环氧-伯胺开环固化。,artifacts/trail/generation/vae_latent_local_search_target_records/target_200/generation_record_ledger.csv
train,vae_latent_local_search_f0e16d651639,vae_latent_local_search,200.0,5.0,Nc1ccc(N)cc1|O=C1C=CC(=O)N1c1ccc(S(=O)(=O)c2ccc(N3C(=O)C=CC3=O)cc2)cc1,0.75000:0.25000,202.92869747741,66.68110142030284,2.9286974774099974,0.5566940368344909,马来酰亚胺-胺 Michael 加成。,artifacts/trail/generation/vae_latent_local_search_target_records/target_200/generation_record_ledger.csv
train,functional_group_replacement_ea3963f580f0,functional_group_replacement,190.0,5.0,CC1(C)CC(N=C=O)CC(C)(N=C=O)C1|Nc1ccc(-c2nc3ccc(N)cc3[nH]2)cc1,0.45000:0.55000,186.93454719881515,71.88374471178076,3.065452801184847,0.5416742027375363,异氰酸酯-伯胺形成聚脲。,artifacts/trail/generation/feedback_guided_replacement_target_records/target_190/generation_record_ledger.csv
train,vae_latent_local_search_822eeacc8a88,vae_latent_local_search,190.0,5.0,CC1(C)CC(N=C=O)CC(C)(N=C=O)C1|Nc1ccc(-c2nc3ccc(N)cc3[nH]2)cc1,0.45000:0.55000,186.93454719881515,71.88374471178076,3.065452801184847,0.5416742027375363,异氰酸酯-伯胺形成聚脲。,artifacts/trail/generation/vae_latent_local_search_target_records/target_190/generation_record_ledger.csv
train,functional_group_replacement_d6881f721459,functional_group_replacement,250.0,5.0,Cc1cc(-c2cc(C)c(OCC3CO3)c(C)c2)c(C)cc1OCC1CO1|Nc1ccc(Oc2ccc(N)cc2)cc1,0.35000:0.65000,246.9178456617746,53.188123044119614,3.082154338225393,0.5398678629300132,环氧-伯胺开环固化。,artifacts/trail/generation/feedback_guided_replacement_target_records/target_250/generation_record_ledger.csv
train,vae_latent_local_search_9b184bcfa6c3,vae_latent_local_search,190.0,5.0,CC(C)(c1ccc(OC#N)cc1)c1ccc(OC#N)cc1|Oc1ccc(Oc2ccc(O)cc2)cc1,0.45000:0.55000,193.104993303116,84.3271480947696,3.104993303116004,0.5374074818302945,氰酸酯-酚共固化/催化三聚。,artifacts/trail/generation/vae_latent_local_search_target_records/target_190/generation_record_ledger.csv
train,vae_latent_local_search_7935f8bf3d85,vae_latent_local_search,200.0,5.0,COc1ccc(OCC2CO2)c(CCCC(=O)OCCOC(=O)CCc2ccc(OCC3CO3)c(OC)c2)c1|Nc1ccc(Cc2ccc(N)cc2)cc1,0.20000:0.80000,196.8804446371926,62.433497070058976,3.119555362807404,0.5358446068370958,环氧-伯胺开环固化。,artifacts/trail/generation/vae_latent_local_search_target_records/target_200/generation_record_ledger.csv
train,vae_latent_local_search_b3690669886e,vae_latent_local_search,195.0,5.0,CC1(C)CC(CN)CC(C)(N)C1|O=c1cc(-c2ccc(OCC3CO3)cc2)oc2cc(OCC3CO3)ccc12,0.30000:0.70000,198.1222875034172,24.53248693424201,3.1222875034171977,0.5355518862575817,环氧-伯胺开环固化。,artifacts/trail/generation/vae_latent_local_search_records/generation_record_ledger.csv
train,functional_group_replacement_ae180784db50,functional_group_replacement,190.0,5.0,COc1ccc(OCC2CO2)c(CCCC(=O)OCCCOC(=O)CCc2ccc(OCC3CO3)c(OC)c2)c1|Nc1ccc(Cc2ccc(N)cc2)cc1,0.20000:0.80000,193.1781385705441,62.87922143737188,3.1781385705440925,0.5296029447168621,环氧-伯胺开环固化。,artifacts/trail/generation/feedback_guided_replacement_target_records/target_190/generation_record_ledger.csv
train,vae_latent_local_search_7e13c3be824c,vae_latent_local_search,190.0,5.0,COc1ccc(OCC2CO2)c(CCCC(=O)OCCCOC(=O)CCc2ccc(OCC3CO3)c(OC)c2)c1|Nc1ccc(Cc2ccc(N)cc2)cc1,0.20000:0.80000,193.1781385705441,62.87922143737188,3.1781385705440925,0.5296029447168621,环氧-伯胺开环固化。,artifacts/trail/generation/vae_latent_local_search_target_records/target_190/generation_record_ledger.csv
train,vae_latent_local_search_ea3d1446e84d,vae_latent_local_search,190.0,5.0,COc1cc(CO)cc(-c2cc(CO)cc(OC)c2OCC2CO2)c1OCC1CO1|Nc1ccc(C(F)(F)F)c(-c2ccc(N)cc2C(F)(F)F)c1,0.80000:0.20000,193.19146810281464,74.03124797795057,3.191468102814639,0.5281929530963809,环氧-伯胺开环固化。,artifacts/trail/generation/vae_latent_local_search_target_records/target_190/generation_record_ledger.csv
train,functional_group_replacement_5899b997135f,functional_group_replacement,190.0,5.0,COc1ccc(OCC2CO2)c(C(c2ccc(OCC3CO3)c(OC)c2)c2cc(OC)ccc2OCC2CO2)c1|Nc1ccc(-c2ccc(N)cc2)cc1,0.65000:0.35000,186.7509041182144,58.7054626409207,3.2490958817855926,0.5221401835153503,环氧-伯胺开环固化。,artifacts/trail/generation/feedback_guided_replacement_target_records/target_190/generation_record_ledger.csv
train,vae_latent_local_search_f7e85380c64f,vae_latent_local_search,200.0,5.0,COc1cc(/C=N/c2ccc(OCC3CO3)cc2)ccc1OCC1CO1|Nc1ccc(Cc2ccc(N)cc2)cc1,0.65000:0.35000,203.25650807094823,5.337934682088589,3.256508070948229,0.5213667166033796,环氧-伯胺开环固化。,artifacts/trail/generation/vae_latent_local_search_target_records/target_200/generation_record_ledger.csv
train,functional_group_replacement_9a08ba70451e,functional_group_replacement,200.0,5.0,CC(C)(c1ccc(OCCOCC2CO2)cc1)c1ccc(OCCOCC2CO2)cc1|Nc1ccc(Oc2ccc(-c3ccc(Oc4ccc(N)cc4)cc3)cc2)cc1,0.15000:0.85000,203.27220283718296,101.68132273700016,3.2722028371829595,0.5197327366903617,环氧-伯胺开环固化。,artifacts/trail/generation/feedback_guided_replacement_target_records/target_200/generation_record_ledger.csv
train,functional_group_replacement_13f3de3b3ed1,functional_group_replacement,195.0,5.0,CCCCC1OC1CCCCC1OC1CCCCCCCC(=O)Oc1ccccc1|Nc1ccc(Oc2ccc(-c3ccc(Oc4ccc(N)cc4)cc3)cc2)cc1,0.10000:0.90000,198.3182183708816,103.67372123263556,3.3182183708815955,0.5149715234204978,环氧-伯胺开环固化。,artifacts/trail/generation/original_replacement_records/generation_record_ledger.csv
train,functional_group_replacement_466fae36e279,functional_group_replacement,190.0,5.0,COc1ccc(OCC2CO2)c(CCC(=O)OCCCCOC(=O)CCc2ccc(OCC3CO3)c(OC)c2)c1|Nc1ccc(-c2ccc(N)cc2)cc1,0.20000:0.80000,186.632190553656,72.99846791187937,3.367809446344012,0.5098891706814682,环氧-伯胺开环固化。,artifacts/trail/generation/feedback_guided_replacement_target_records/target_190/generation_record_ledger.csv
train,vae_latent_local_search_2a5b68245c70,vae_latent_local_search,190.0,5.0,COc1ccc(OCC2CO2)c(CCC(=O)OCCCCOC(=O)CCc2ccc(OCC3CO3)c(OC)c2)c1|Nc1ccc(-c2ccc(N)cc2)cc1,0.20000:0.80000,186.632190553656,72.99846791187937,3.367809446344012,0.5098891706814682,环氧-伯胺开环固化。,artifacts/trail/generation/vae_latent_local_search_target_records/target_190/generation_record_ledger.csv
train,vae_latent_local_search_29e620a1ae82,vae_latent_local_search,200.0,5.0,Cc1cc(OCC2CO2)c(C(C)(C)C)cc1-c1cc(C)c(OCC2CO2)c(C(C)(C)C)c1|Nc1ccc(N)cc1,0.25000:0.75000,203.407083515036,86.3889044028248,3.4070835150359926,0.5058997747111689,环氧-伯胺开环固化。,artifacts/trail/generation/vae_latent_local_search_target_records/target_200/generation_record_ledger.csv
train,vae_latent_local_search_ef984b7d2a9e,vae_latent_local_search,200.0,5.0,Nc1ccc(Oc2ccc(-c3ccc(Oc4ccc(N)cc4)cc3)cc2)cc1|O=C1OC(=O)c2cc(Cc3ccc4c(c3)C(=O)OC4=O)ccc21,0.65000:0.35000,203.422494505381,94.2374156069882,3.422494505380996,0.504342891945498,酸酐-胺形成聚酰胺酸/聚酰亚胺前体。,artifacts/trail/generation/vae_latent_local_search_target_records/target_200/generation_record_ledger.csv
train,vae_latent_local_search_24a5676ed9d3,vae_latent_local_search,190.0,5.0,CNc1nc2sc(SC)nc2c2c1ncn2C|COc1cc(/C=N/c2ccc(OCC3CO3)cc2)ccc1OCC1CO1,0.35000:0.65000,186.5477739882496,31.3738592622466,3.452226011750412,0.5013528159214621,环氧-仲胺开环固化。,artifacts/trail/generation/vae_latent_local_search_target_records/target_190/generation_record_ledger.csv
train,functional_group_replacement_209db2cfc6fb,functional_group_replacement,195.0,5.0,N#COc1ccc(Cc2ccc(OC#N)cc2)cc1|Nc1ccc(-c2ccc(N)cc2)cc1,0.90000:0.10000,191.52684536853783,101.67779217683862,3.4731546314621653,0.499258677237001,氰酸酯-胺共反应。,artifacts/trail/generation/expanded_inventory_replacement_records/generation_record_ledger.csv
eval,vae_latent_local_search_2d23dcd47aa7,vae_latent_local_search,190.0,5.0,COc1cc(Nc2ccnc3cc(-c4ccncc4)ccc23)cc(OC)c1OC|O=C1OC(=O)c2cc(-c3ccc4c(c3)C(=O)OC4=O)ccc21,0.45000:0.55000,193.49436093062727,90.91428164530956,3.4943609306272663,0.4971456755250318,酸酐-胺开环形成酰胺酸。,artifacts/trail/generation/vae_latent_local_search_target_records/target_190/generation_record_ledger.csv
train,vae_latent_local_search_64a492ed55ad,vae_latent_local_search,190.0,5.0,Nc1ccc(-c2ccc(N)c(C(F)(F)F)c2)c(C(F)(F)F)c1|O=C=Nc1ccc(N=C=O)cc1,0.65000:0.35000,193.5256321247264,132.78311968723563,3.5256321247264,0.4940461105552471,异氰酸酯-伯胺形成聚脲。,artifacts/trail/generation/vae_latent_local_search_target_records/target_190/generation_record_ledger.csv
train,vae_latent_local_search_58f40345c407,vae_latent_local_search,200.0,5.0,CC(C)(c1ccc(N2C(=O)C=CC2=O)cc1)c1ccc(N2C(=O)C=CC2=O)cc1|Nc1ccc(N)cc1,0.25000:0.75000,203.5710730549404,68.64079750691214,3.571073054940399,0.4895764688207891,马来酰亚胺-胺 Michael 加成。,artifacts/trail/generation/vae_latent_local_search_target_records/target_200/generation_record_ledger.csv
train,functional_group_replacement_a2aa58edf2ef,functional_group_replacement,190.0,5.0,N#COc1ccc(CC2CCCC(Cc3ccc(OC#N)cc3)C2)cc1|Nc1ccc(Oc2ccc(-c3ccc(Oc4ccc(N)cc4)cc3)cc2)cc1,0.20000:0.80000,193.59784113235835,98.36934990377974,3.5978411323583543,0.4869624680776978,氰酸酯-胺共反应。,artifacts/trail/generation/feedback_guided_replacement_target_records/target_190/generation_record_ledger.csv
train,functional_group_replacement_c0465d048ddb,functional_group_replacement,200.0,5.0,COc1cc(/C=N/c2ccc(OCC3CO3)cc2)ccc1OCC1CO1|Nc1ccc(Oc2ccc(N)cc2)cc1,0.65000:0.35000,196.29337714466604,12.377238555415408,3.706622855333961,0.4764823625936763,环氧-伯胺开环固化。,artifacts/trail/generation/feedback_guided_replacement_target_records/target_200/generation_record_ledger.csv
train,vae_latent_local_search_d0383c472f81,vae_latent_local_search,200.0,5.0,COc1cc(/C=N/c2ccc(OCC3CO3)cc2)ccc1OCC1CO1|Nc1ccc(Oc2ccc(N)cc2)cc1,0.65000:0.35000,196.29337714466604,12.377238555415408,3.706622855333961,0.4764823625936763,环氧-伯胺开环固化。,artifacts/trail/generation/vae_latent_local_search_target_records/target_200/generation_record_ledger.csv
train,vae_latent_local_search_42a1e24683c9,vae_latent_local_search,200.0,5.0,Nc1ccc(Oc2ccc(-c3ccc(Oc4ccc(N)cc4)cc3)cc2)cc1|O=C1C=CC(=O)N1c1ccc(Oc2ccc(N3C(=O)C=CC3=O)cc2)cc1,0.90000:0.10000,203.8815571152317,108.5229672597376,3.8815571152316863,0.4600999994360908,马来酰亚胺-胺 Michael 加成。,artifacts/trail/generation/vae_latent_local_search_target_records/target_200/generation_record_ledger.csv
train,vae_latent_local_search_39f93ff154bc,vae_latent_local_search,190.0,5.0,CC1(C)CC(CN)CC(C)(N)C1|N#COc1ccc(C(=O)c2ccc(OC#N)cc2)cc1,0.50000:0.50000,186.05757100146056,59.440342867582274,3.942428998539441,0.4545325277548983,氰酸酯-胺共反应。,artifacts/trail/generation/vae_latent_local_search_target_records/target_190/generation_record_ledger.csv
train,functional_group_replacement_afa13c8182f1,functional_group_replacement,195.0,5.0,C(=N/c1ccc(OCC2CO2)cc1)\c1ccc(OCC2CO2)cc1|Nc1ccc(-c2ccc(N)cc2)cc1,0.65000:0.35000,190.99411482855,35.98658503622384,4.0058851714499895,0.4488003996492412,环氧-伯胺开环固化。,artifacts/trail/generation/original_replacement_records/generation_record_ledger.csv
eval,vae_latent_local_search_cfa733197b96,vae_latent_local_search,195.0,5.0,C(=N/c1ccc(OCC2CO2)cc1)\c1ccc(OCC2CO2)cc1|Nc1ccc(-c2ccc(N)cc2)cc1,0.65000:0.35000,190.99411482855,35.98658503622384,4.0058851714499895,0.4488003996492412,环氧-伯胺开环固化。,artifacts/trail/generation/vae_latent_local_search_records/generation_record_ledger.csv
train,functional_group_replacement_17b4872ebd6f,functional_group_replacement,190.0,5.0,CC1(C)CC(N)CC(C)(CN)C1|O=C=Nc1ccc(Cc2ccc(N=C=O)cc2)cc1,0.50000:0.50000,194.0782066429732,48.12142957874608,4.078206642973214,0.4423555411134454,异氰酸酯-伯胺形成聚脲。,artifacts/trail/generation/feedback_guided_replacement_target_records/target_190/generation_record_ledger.csv
train,vae_latent_local_search_030872799d3c,vae_latent_local_search,190.0,5.0,CC1(C)CC(N)CC(C)(CN)C1|O=C=Nc1ccc(Cc2ccc(N=C=O)cc2)cc1,0.50000:0.50000,194.0782066429732,48.12142957874608,4.078206642973214,0.4423555411134454,异氰酸酯-伯胺形成聚脲。,artifacts/trail/generation/vae_latent_local_search_target_records/target_190/generation_record_ledger.csv
eval,vae_latent_local_search_9b089207c99e,vae_latent_local_search,195.0,5.0,COc1cc(COCC2CO2)ccc1OCC1CO1|Nc1ccc(Oc2ccc(-c3ccc(Oc4ccc(N)cc4)cc3)cc2)cc1,0.15000:0.85000,199.0959018221041,85.84733972393552,4.095901822104111,0.4407927959421957,环氧-伯胺开环固化。,artifacts/trail/generation/vae_latent_local_search_records/generation_record_ledger.csv
train,vae_latent_local_search_e12bc2b7f5de,vae_latent_local_search,195.0,5.0,C=CCc1ccc(OCC2CO2)c(-c2cc(CC=C)ccc2OCC2CO2)c1|OCCOCCO,0.35000:0.65000,190.86181055214803,51.5512207341114,4.138189447851971,0.4370805003297827,环氧-羟基醚化，常需催化剂。,artifacts/trail/generation/vae_latent_local_search_records/generation_record_ledger.csv
train,functional_group_replacement_8792ed1b0e00,functional_group_replacement,190.0,5.0,COc1cc(CC2CO2)ccc1OC(=O)c1ccc(C(=O)Oc2ccc(CC3CO3)cc2OC)cc1|Nc1ccccc1,0.25000:0.75000,185.8589387575051,82.52937235163476,4.141061242494914,0.4368295313219509,环氧-伯胺开环固化。,artifacts/trail/generation/feedback_guided_replacement_target_records/target_190/generation_record_ledger.csv
eval,vae_latent_local_search_99d3245e0d1b,vae_latent_local_search,190.0,5.0,COc1cc(CC2CO2)ccc1OC(=O)c1ccc(C(=O)Oc2ccc(CC3CO3)cc2OC)cc1|Nc1ccccc1,0.25000:0.75000,185.8589387575051,82.52937235163476,4.141061242494914,0.4368295313219509,环氧-伯胺开环固化。,artifacts/trail/generation/vae_latent_local_search_target_records/target_190/generation_record_ledger.csv
eval,vae_latent_local_search_95c50cf308d3,vae_latent_local_search,195.0,5.0,N#COc1ccc(S(=O)(=O)c2ccc(OC#N)cc2)cc1|Nc1ccc(Oc2ccc(-c3ccc(Oc4ccc(N)cc4)cc3)cc2)cc1,0.20000:0.80000,199.19569166757816,96.71759692878967,4.19569166757816,0.4320826742299777,氰酸酯-胺共反应。,artifacts/trail/generation/vae_latent_local_search_records/generation_record_ledger.csv
eval,vae_latent_local_search_0f2ca81b28a8,vae_latent_local_search,200.0,5.0,Nc1ccc(Oc2ccc(-c3ccc(Oc4ccc(N)cc4)cc3)cc2)cc1|O=C1OC(=O)c2cc(Oc3ccc4c(c3)C(=O)OC4=O)ccc21,0.65000:0.35000,204.2016126680714,91.866326788072,4.201612668071391,0.4315713047261987,酸酐-胺形成聚酰胺酸/聚酰亚胺前体。,artifacts/trail/generation/vae_latent_local_search_target_records/target_200/generation_record_ledger.csv
train,vae_latent_local_search_901f22942e85,vae_latent_local_search,190.0,5.0,Nc1ccc(-c2ccc(N)c(C(F)(F)F)c2)c(C(F)(F)F)c1|O=C=Nc1cccc(N=C=O)c1,0.65000:0.35000,185.79682124357893,134.4457353832901,4.203178756421067,0.4314361501352294,异氰酸酯-伯胺形成聚脲。,artifacts/trail/generation/vae_latent_local_search_target_records/target_190/generation_record_ledger.csv
eval,vae_latent_local_search_88fc86bb2422,vae_latent_local_search,195.0,5.0,CC(C)(COCC1CO1)COCC1CO1|COc1cc(Nc2ccnc3cc(-c4ccncc4)ccc23)cc(OC)c1OC,0.15000:0.85000,199.2376507138343,80.37176389727159,4.237650713834313,0.428471890541059,环氧-仲胺开环固化。,artifacts/trail/generation/vae_latent_local_search_records/generation_record_ledger.csv
train,vae_latent_local_search_5b8a08c7d6d6,vae_latent_local_search,200.0,5.0,COc1cnc(-c2ccc(O)c(O)c2)o1|N#COc1ccc(CC2CCCC(Cc3ccc(OC#N)cc3)C2)cc1,0.10000:0.90000,204.2708643271534,37.24542662266781,4.27086432715339,0.4256351030305753,氰酸酯-酚共固化/催化三聚。,artifacts/trail/generation/vae_latent_local_search_target_records/target_200/generation_record_ledger.csv
train,vae_latent_local_search_3dd4b31df62e,vae_latent_local_search,200.0,5.0,Cc1cc(-c2cc(C)c(OCC3CO3)c(C)c2)c(C)cc1OCC1CO1|O=C(O)CS,0.35000:0.65000,195.72079701466947,62.52793981067184,4.279202985330528,0.4249258494907746,环氧-羧酸开环酯化。,artifacts/trail/generation/vae_latent_local_search_target_records/target_200/generation_record_ledger.csv
train,vae_latent_local_search_cdd068ebb78f,vae_latent_local_search,190.0,5.0,COc1cc(/C=N/c2ccc(OCC3CO3)cc2)ccc1OCC1CO1|Oc1ccc(Oc2ccc(O)cc2)cc1,0.65000:0.35000,185.70150073731352,13.275796293771968,4.298499262686477,0.423289112405995,环氧-羟基醚化，常需催化剂。,artifacts/trail/generation/vae_latent_local_search_target_records/target_190/generation_record_ledger.csv
eval,vae_latent_local_search_d2bfaafc955c,vae_latent_local_search,195.0,5.0,COc1cc(CO)cc(-c2cc(CO)cc(OC)c2OCC2CO2)c1OCC1CO1|Nc1ccc(Oc2ccc(-c3ccc(Oc4ccc(N)cc4)cc3)cc2)cc1,0.10000:0.90000,190.6969603139861,108.91158204716947,4.303039686013904,0.4229049045269958,环氧-伯胺开环固化。,artifacts/trail/generation/vae_latent_local_search_records/generation_record_ledger.csv
train,vae_latent_local_search_ddacf487c4f7,vae_latent_local_search,195.0,5.0,Nc1ccc(-c2ccc(N)cc2)cc1|O=C1C=CC(=O)N1c1cccc(N2C(=O)C=CC2=O)c1,0.10000:0.90000,199.30790101268337,73.07636458449683,4.307901012683374,0.4224939285700032,马来酰亚胺-胺 Michael 加成。,artifacts/trail/generation/vae_latent_local_search_records/generation_record_ledger.csv
eval,vae_latent_local_search_4b31251007f8,vae_latent_local_search,200.0,5.0,C=C(C)C(=O)OC(C)(C)C|O=C1C=CC(=O)N(c2ccc(Cc3ccc(N4C(=O)C=CC4=O)cc3)cc2)C1=O,0.30000:0.70000,195.688746304156,73.87406400536577,4.311253695843988,0.4222107258735498,马来酰亚胺与烯基共聚/加成。,artifacts/trail/generation/vae_latent_local_search_target_records/target_200/generation_record_ledger.csv
train,vae_latent_local_search_b92c53ae7d1f,vae_latent_local_search,200.0,5.0,CC(C)(C1CCC(OCC2CO2)CC1)C1CCC(OCC2CO2)CC1|N=C(N)N1CCC[C@H]1Cc1nc(-c2ccc(Nc3nc(-c4cc(C(F)(F)F)ccc4F)cs3)cc2)no1,0.55000:0.45000,195.6624548438608,117.03350527596396,4.337545156139214,0.4199964453353322,环氧-伯胺开环固化。,artifacts/trail/generation/vae_latent_local_search_target_records/target_200/generation_record_ledger.csv
train,vae_latent_local_search_dae481ba0d08,vae_latent_local_search,195.0,5.0,CC(N)COCC(C)COCC(C)CN|O=C1C=CC(=O)N(c2ccc(Cc3ccc(N4C(=O)C=CC4=O)cc3)cc2)C1=O,0.30000:0.70000,199.36713960695263,70.82969376729797,4.367139606952634,0.4175178749356821,马来酰亚胺-胺 Michael 加成。,artifacts/trail/generation/vae_latent_local_search_records/generation_record_ledger.csv
train,vae_latent_local_search_df69e6397a8e,vae_latent_local_search,200.0,5.0,C=C(C)C(=O)OCCOc1ccccc1|O=C1C=CC(=O)N(c2ccc(Cc3ccc(N4C(=O)C=CC4=O)cc3)cc2)C1=O,0.30000:0.70000,195.5946019533614,73.07373295608497,4.405398046638595,0.4143353498206029,马来酰亚胺与烯基共聚/加成。,artifacts/trail/generation/vae_latent_local_search_target_records/target_200/generation_record_ledger.csv
train,vae_latent_local_search_04cb6b7e0c53,vae_latent_local_search,200.0,5.0,O=C=NC1CCC(CC2CCC(N=C=O)CC2)CC1|O=S(=O)(c1ccc(O)cc1)c1ccc(O)cc1,0.45000:0.55000,204.4060979683136,65.1079557387717,4.406097968313588,0.4142773534215803,异氰酸酯-羟基形成聚氨酯。,artifacts/trail/generation/vae_latent_local_search_target_records/target_200/generation_record_ledger.csv
train,functional_group_replacement_91097602a65e,functional_group_replacement,200.0,5.0,C=CCc1ccc(OCC2CO2)c(-c2cc(CC=C)ccc2OCC2CO2)c1|CC1(C)CC(N)CC(C)(CN)C1,0.70000:0.30000,195.5690184359816,37.692848373878284,4.430981564018396,0.4122207332424624,环氧-伯胺开环固化。,artifacts/trail/generation/feedback_guided_replacement_target_records/target_200/generation_record_ledger.csv
train,vae_latent_local_search_9a87fe3273d6,vae_latent_local_search,200.0,5.0,C=CCc1ccc(OCC2CO2)c(-c2cc(CC=C)ccc2OCC2CO2)c1|CC1(C)CC(N)CC(C)(CN)C1,0.70000:0.30000,195.5690184359816,37.692848373878284,4.430981564018396,0.4122207332424624,环氧-伯胺开环固化。,artifacts/trail/generation/vae_latent_local_search_target_records/target_200/generation_record_ledger.csv
train,vae_latent_local_search_d35038c113a2,vae_latent_local_search,195.0,5.0,COc1cc(CC2CO2)ccc1OC(=O)c1ccc(C(=O)Oc2ccc(CC3CO3)cc2OC)cc1|Nc1cccc(N)c1,0.25000:0.75000,199.46209900320687,74.9933715068322,4.462099003206873,0.4096632490133383,环氧-伯胺开环固化。,artifacts/trail/generation/vae_latent_local_search_records/generation_record_ledger.csv
train,vae_latent_local_search_d63422e317c2,vae_latent_local_search,190.0,5.0,N#COc1ccc(C(F)(F)c2ccc(OC#N)cc2)cc1|Nc1ccc(Oc2ccc(-c3ccc(Oc4ccc(N)cc4)cc3)cc2)cc1,0.20000:0.80000,194.4771576858765,96.18524581928328,4.477157685876506,0.408431307312791,氰酸酯-胺共反应。,artifacts/trail/generation/vae_latent_local_search_target_records/target_190/generation_record_ledger.csv
train,vae_latent_local_search_f19137b4707c,vae_latent_local_search,200.0,5.0,Nc1ccc(-c2ccc(N)cc2)cc1|O=C1C=CC(=O)N1c1ccccc1N1C(=O)C=CC1=O,0.55000:0.45000,195.4722136422204,70.25119156721226,4.527786357779604,0.4043165082211677,马来酰亚胺-胺 Michael 加成。,artifacts/trail/generation/vae_latent_local_search_target_records/target_200/generation_record_ledger.csv
train,functional_group_replacement_9096843ff72c,functional_group_replacement,190.0,5.0,CC(C)(c1ccc(OC#N)cc1)c1ccc(OC#N)cc1|CC(c1ccc(Oc2ccc(N)cc2)cc1)(c1ccc(Oc2ccc(N)cc2)cc1)c1ccc(Oc2ccc(N)cc2)cc1,0.20000:0.80000,194.5485119000028,134.2490671089175,4.548511900002808,0.4026440411220632,氰酸酯-胺共反应。,artifacts/trail/generation/feedback_guided_replacement_target_records/target_190/generation_record_ledger.csv
train,vae_latent_local_search_375aa5d12078,vae_latent_local_search,250.0,5.0,O=C1OC(=O)c2cc(Oc3ccc4c(c3)C(=O)OC4=O)ccc21|O=c1cc(-c2ccc3c(c2)CN(Cc2ccco2)CO3)c2c3c(c(O)cc2o1)CN(Cc1ccco1)CO3,0.55000:0.45000,245.44575203785865,77.8426106538421,4.554247962141346,0.4021823877320304,酸酐-羟基酯化。,artifacts/trail/generation/vae_latent_local_search_target_records/target_250/generation_record_ledger.csv
train,vae_latent_local_search_4d7e521bb03d,vae_latent_local_search,195.0,5.0,Cn1cc(C2=C(c3coc4ccccc34)C(=O)NC2=O)c2ccc(O)cc21|Nc1ccc(Oc2ccc(-c3ccc(Oc4ccc(N)cc4)cc3)cc2)cc1,0.10000:0.90000,190.40517515304504,112.11054603718382,4.594824846954964,0.3989317340283806,马来酰亚胺-胺 Michael 加成。,artifacts/trail/generation/vae_latent_local_search_records/generation_record_ledger.csv
train,functional_group_replacement_30ec3d8df187,functional_group_replacement,190.0,5.0,N#COc1ccc(CC2CCCC(Cc3ccc(OC#N)cc3)C2)cc1|Nc1ccc(Oc2ccc(N)cc2)cc1,0.90000:0.10000,194.62675651389424,37.489550893072206,4.626756513894236,0.3963921409513999,氰酸酯-胺共反应。,artifacts/trail/generation/feedback_guided_replacement_target_records/target_190/generation_record_ledger.csv
train,vae_latent_local_search_ec5bd0046269,vae_latent_local_search,190.0,5.0,N#COc1ccc(CC2CCCC(Cc3ccc(OC#N)cc3)C2)cc1|Nc1ccc(Oc2ccc(N)cc2)cc1,0.90000:0.10000,194.62675651389424,37.489550893072206,4.626756513894236,0.3963921409513999,氰酸酯-胺共反应。,artifacts/trail/generation/vae_latent_local_search_target_records/target_190/generation_record_ledger.csv
train,vae_latent_local_search_e93db28bc6bf,vae_latent_local_search,195.0,5.0,Nc1ccc(Oc2ccc(-c3ccc(Oc4ccc(N)cc4)cc3)cc2)cc1|O=C=Nc1ccc(C(F)(F)c2ccc(N=C=O)cc2)cc1,0.80000:0.20000,199.6948845261955,97.47392709052072,4.694884526195494,0.3910276891596251,异氰酸酯-伯胺形成聚脲。,artifacts/trail/generation/vae_latent_local_search_records/generation_record_ledger.csv
train,vae_latent_local_search_c9532b3b100a,vae_latent_local_search,250.0,5.0,O=C1OC(=O)c2cc(Cc3ccc4c(c3)C(=O)OC4=O)ccc21|O=c1cc(-c2ccc3c(c2)CN(Cc2ccco2)CO3)c2c3c(c(O)cc2o1)CN(Cc1ccco1)CO3,0.55000:0.45000,245.2929044820758,81.44004621861934,4.707095517924188,0.3900738871449386,酸酐-羟基酯化。,artifacts/trail/generation/vae_latent_local_search_target_records/target_250/generation_record_ledger.csv
train,vae_latent_local_search_7baabac78658,vae_latent_local_search,195.0,5.0,CC(C)(COCC1CO1)COCC1CO1|O=C1CC(c2ccc(-c3ccccc3)cc2)c2c(ccc3ccccc23)N1,0.15000:0.85000,190.25206639936928,92.4598856303856,4.7479336006307165,0.3869008887681726,环氧-仲胺开环固化。,artifacts/trail/generation/vae_latent_local_search_records/generation_record_ledger.csv
train,vae_latent_local_search_0af65ad05065,vae_latent_local_search,200.0,5.0,N#COc1ccc(CC2CCCC(Cc3ccc(OC#N)cc3)C2)cc1|Nc1ccc(Cc2ccc(N)cc2)cc1,0.90000:0.10000,195.2004599427479,37.34403602198986,4.799540057252102,0.3829281093563862,氰酸酯-胺共反应。,artifacts/trail/generation/vae_latent_local_search_target_records/target_200/generation_record_ledger.csv
eval,vae_latent_local_search_130f3c09169c,vae_latent_local_search,195.0,5.0,CC(C)(c1ccc(OCCOCC2CO2)cc1)c1ccc(OCCOCC2CO2)cc1|COc1cc(Nc2ccnc3cc(-c4ccncc4)ccc23)cc(OC)c1OC,0.10000:0.90000,190.17567708946385,98.57006897831882,4.824322910536154,0.3810347951748202,环氧-仲胺开环固化。,artifacts/trail/generation/vae_latent_local_search_records/generation_record_ledger.csv
train,vae_latent_local_search_4d6c63f27c27,vae_latent_local_search,195.0,5.0,CC12CCCCC1C(=O)OC2=O|Nc1ccc(Oc2ccc(-c3ccc(Oc4ccc(N)cc4)cc3)cc2)cc1,0.15000:0.85000,190.1665594340433,86.87571979060579,4.833440565956693,0.3803405995177372,酸酐-胺形成聚酰胺酸/聚酰亚胺前体。,artifacts/trail/generation/vae_latent_local_search_records/generation_record_ledger.csv
train,vae_latent_local_search_7807e1c0fd0b,vae_latent_local_search,200.0,5.0,CC(C)(c1ccc(N)cc1)c1ccc(C(C)(C)c2ccc(N)cc2)cc1|Cc1cc(-c2cc(C)c(OCC3CO3)c(C)c2)c(C)cc1OCC1CO1,0.65000:0.35000,204.8647446194451,105.7895252815581,4.864744619445105,0.3779667977392671,环氧-伯胺开环固化。,artifacts/trail/generation/vae_latent_local_search_target_records/target_200/generation_record_ledger.csv
