formula_id,n_components,smiles,ratios,sources,labels,groups,new_component_count,compatibility_reasons,predicted_tg_mean_c,predicted_tg_sigma_c,target_distance_c,prior_score,ood_distance,ood_penalty,agent_score,feature_aromatic_backbone,feature_rigid_multi_aromatic,feature_imide_or_anhydride,feature_cyanate_ester,feature_maleimide,feature_nitrile_rich,feature_sulfone_linker,feature_fluorinated_rigid_linker,feature_high_functionality,feature_flexible_ether_risk,feature_long_aliphatic_risk,feature_peg_like_risk,feature_peptide_like_risk,feature_too_flexible_risk,feature_too_large_risk,feature_heavy_halogen_risk,feature_stereochemical_complexity_risk,feature_druglike_hetero_complexity_risk,feature_formal_charge_practical_risk,feature_reaction::马来酰亚胺与烯基共聚/加成。,feature_contains_out_of_library,feature_contains_generated,feature_contains_chembl,feature_three_or_more_component_blending,feature_reaction::马来酰亚胺-胺 Michael 加成。,feature_reaction::马来酰亚胺-硫醇 Michael 加成。,feature_reaction::酸酐-胺开环形成酰胺酸。,feature_reaction::环氧-仲胺开环固化。,feature_reaction::异氰酸酯-仲胺形成脲键。,feature_reaction::氰酸酯-酚共固化/催化三聚。,feature_reaction::酸酐-羟基酯化。,feature_reaction::环氧-羟基醚化，常需催化剂。,feature_reaction::异氰酸酯-羟基形成聚氨酯。,feature_reaction::氰酸酯三聚形成三嗪网络。,feature_reaction::氰酸酯-胺共反应。,feature_reaction::酸酐-胺形成聚酰胺酸/聚酰亚胺前体。,feature_reaction::硫醇-烯点击反应。,feature_reaction::环氧-羧酸开环酯化。,feature_reaction::环氧-酸酐固化，常需催化剂。,feature_reaction::环氧-伯胺开环固化。,feature_reaction::异氰酸酯-伯胺形成聚脲。,iteration
1459,3,CC(C)(c1occc1CN)c1occc1CN|Cn1cc(C2=C(c3coc4ccccc34)C(=O)NC2=O)c2ccc(O)cc21|O=C1C=CC(=O)N1c1ccc(Oc2ccc(N3C(=O)C=CC3=O)cc2)cc1,0.53779:0.33602:0.12619,library|chembl|generated,library_133|chembl_scan_278|generated_bismaleimide_oda,aromatic;primary_amine|aromatic;hydroxyl;imide;maleimide;phenol;secondary_amine;vinyl|aromatic;ether;imide;maleimide;vinyl,2,马来酰亚胺-胺 Michael 加成。|马来酰亚胺与烯基共聚/加成。,250.23087976867876,51.74235844450889,0.23087976867876137,2.8582646785224304,0.029729072004556656,1.9045295715332031,-0.8212168602499734,True,True,True,False,True,False,False,False,True,False,False,False,False,False,False,False,False,False,False,True,True,True,True,True,True,,,,,,,,,,,,,,,,,2
1806,4,CC(C)(c1ccc(N)cc1)c1ccc(C(C)(C)c2ccc(N)cc2)cc1|CC1=C(C#N)c2nc(N)c(C#N)c(C)c2/C1=C/c1ccc(-c2ccccc2C(=O)O)o1|COc1ccccc1C1=C(Nc2ccccc2)C(=O)NC1=O|CS(=O)(=O)Nc1cccc(-c2nc(C(c3ccc(F)cc3)c3ccc(F)cc3)sc2CC(=O)O)c1,0.17187:0.30901:0.45027:0.06885,library|chembl|chembl|chembl,library_150|chembl_scan_1512|chembl_scan_1432|chembl_scan_1342,aromatic;primary_amine|aromatic;carboxylic_acid;hydroxyl;nitrile;primary_amine;vinyl|aromatic;ether;imide;maleimide;secondary_amine;vinyl|aromatic;carboxylic_acid;hydroxyl,3,马来酰亚胺-胺 Michael 加成。,249.6811951781459,64.89913707022662,0.3188048218540871,3.0694023729266964,0.029613563790917397,1.897129774093628,-0.23429532968226158,True,True,True,False,True,True,True,False,True,False,False,False,False,False,False,False,False,False,False,,True,False,True,True,True,,,,,,,,,,,,,,,,,2
1417,3,CC(C)(c1ccc(OC#N)cc1)c1ccc(OC#N)cc1|NC(=O)Nc1sc(-c2ccc(CN3CCCCC3)cc2)cc1C(N)=O|O=C(c1ccc2c(c1)C(=O)OC2=O)c1ccc2c(c1)C(=O)OC2=O,0.37595:0.06688:0.55717,library|chembl|generated,library_147|chembl_scan_393|generated_dianhydride_btda,aromatic;cyanate_ester;ether;nitrile|aromatic;primary_amine;secondary_amine|anhydride;aromatic;ester;ether,2,氰酸酯-胺共反应。|酸酐-胺形成聚酰胺酸/聚酰亚胺前体。,250.41841494681339,61.703125266711794,0.4184149468133853,3.198293933997869,0.051516853272914886,3.3003172874450684,-0.09155678097472392,True,True,True,True,False,True,False,False,True,False,False,False,False,False,False,False,False,False,False,,True,True,True,True,,,,,,,,,,,True,True,,,,,,2
572,4,C=CCc1ccc(OCC2CO2)c(-c2cc(CC=C)ccc2OCC2CO2)c1|COc1cc(C(c2cc(C)c(O)c(O)c2)c2cc(C)c(O)c(O)c2)ccc1OCC1CO1|Cc1ccc(NC(=O)Nc2ccccc2)c(C)c1|O=C1CCCC(=O)O1,0.34878:0.13571:0.18729:0.32822,library|library|chembl|library,library_100|library_107|chembl_scan_495|library_44,aromatic;epoxy;ether;vinyl|aromatic;epoxy;ether;hydroxyl;phenol|aromatic;secondary_amine|anhydride;ester;ether,1,环氧-仲胺开环固化。|环氧-羟基醚化，常需催化剂。|环氧-酸酐固化，常需催化剂。|酸酐-胺开环形成酰胺酸。,248.72293739250566,35.424810950064106,1.2770626074943436,2.5278309041911666,0.032962601631879807,2.1116788387298584,0.04710941134777294,True,True,True,False,False,False,False,False,True,False,False,False,False,False,False,False,True,False,False,,True,False,True,True,,,True,True,,,,True,,,,,,,True,,,2
8198,2,N#COc1ccc(CC2CCCC(Cc3ccc(OC#N)cc3)C2)cc1|O=C1NC(=O)c2ccc(I)cc2/C1=C/NCc1ccc(-c2ccoc2)c(O)c1,0.85000:0.15000,library|chembl,library_66|chembl_scan_444,aromatic;cyanate_ester;ether;nitrile|aromatic;hydroxyl;imide;phenol;secondary_amine;vinyl,1,氰酸酯-酚共固化/催化三聚。,250.51272495778352,34.72143779520177,0.5127249577835187,1.9870000000000005,0.03519183397293091,2.2544896602630615,0.05588260658769553,True,True,True,True,False,True,False,False,True,False,True,False,False,False,False,True,True,False,False,,True,False,True,False,,,,,,True,,,,,,,,,,,,1
2074,2,CC(C)(c1occc1CN)c1occc1CN|Cn1cc(C2=C(c3coc4ccccc34)C(=O)NC2=O)c2ccc(O)cc21,0.55000:0.45000,library|chembl,library_133|chembl_scan_278,aromatic;primary_amine|aromatic;hydroxyl;imide;maleimide;phenol;secondary_amine;vinyl,1,马来酰亚胺-胺 Michael 加成。,249.9440523734641,57.53647463883458,0.05594762653589669,2.4095,0.027870552614331245,1.785467505455017,0.12784973177522688,True,True,True,False,True,False,False,False,True,False,False,False,False,False,False,False,False,False,False,,True,False,True,False,True,,,,,,,,,,,,,,,,,1
937,2,COc1ccc2c(O)cc(OC)c(O)c2c1O|O=C1OC(=O)c2cc(Oc3ccc4c(c3)C(=O)OC4=O)ccc21,0.41286:0.58714,chembl|library,chembl_scan_351|library_142,aromatic;ether;hydroxyl;phenol|anhydride;aromatic;ester;ether,1,酸酐-羟基酯化。,249.15065613904682,40.612431821360694,0.8493438609531836,2.0799818190871298,0.02087652124464512,1.3374098539352417,0.2762123085727518,True,True,True,False,False,False,False,False,True,False,False,False,False,False,False,False,False,False,False,,True,False,True,False,,,,,,,True,,,,,,,,,,,2
249,3,Nc1nc(N)nc(SCC(=O)NCc2ccc(F)cc2)n1|O=C(C1=C(O)c2ccccc2S(=O)(=O)N1Cc1ccccc1)c1ccccc1|O=C(c1ccc2c(c1)C(=O)OC2=O)c1ccc2c(c1)C(=O)OC2=O,0.36328:0.54325:0.09347,chembl|chembl|generated,chembl_scan_546|chembl_scan_1419|generated_dianhydride_btda,aromatic;primary_amine;secondary_amine|aromatic;hydroxyl;vinyl|anhydride;aromatic;ester;ether,3,酸酐-羟基酯化。|酸酐-胺形成聚酰胺酸/聚酰亚胺前体。,249.5681955972688,61.47769319948264,0.4318044027311885,2.7180541810658423,0.03996679559350014,2.56038761138916,0.41771496898100385,True,True,True,False,False,False,True,False,True,False,False,False,False,False,False,False,False,False,False,,True,True,True,True,,,,,,,True,,,,,True,,,,,,2
1172,2,CC(C)(c1ccc(N)cc1)c1ccc(N)cc1|O=C1C=CC(=O)N1c1ccc(Oc2ccc(N3C(=O)C=CC3=O)cc2)cc1,0.28681:0.71319,generated|generated,generated_diamine_bisphenol_a_core|generated_bismaleimide_oda,aromatic;primary_amine|aromatic;ether;imide;maleimide;vinyl,2,马来酰亚胺-胺 Michael 加成。,249.1072499005864,51.73813807719153,0.892750099413604,2.519892232978512,0.036218490451574326,2.3202602863311768,0.4773019114953881,True,True,True,False,True,False,False,False,True,False,False,False,False,False,False,False,False,False,False,,True,True,False,False,True,,,,,,,,,,,,,,,,,2
8297,2,CC(C)(c1ccc(N)cc1)c1ccc(N)cc1|N#COc1ccc(CC2CCCC(Cc3ccc(OC#N)cc3)C2)cc1,0.25000:0.75000,generated|library,generated_diamine_bisphenol_a_core|library_66,aromatic;primary_amine|aromatic;cyanate_ester;ether;nitrile,1,氰酸酯-胺共反应。,250.12752378867094,44.14697812065621,0.12752378867094194,1.6400000000000001,0.026793252676725388,1.7164525985717773,0.6031008854104359,True,True,False,True,False,True,False,False,True,False,True,False,False,False,False,False,True,False,False,,True,True,False,False,,,,,,,,,,,True,,,,,,,1
6962,2,COc1c(O)cc(O)c(C(=N)Cc2ccc(O)cc2)c1O|O=C1OC(=O)c2cc(Oc3ccc4c(c3)C(=O)OC4=O)ccc21,0.75000:0.25000,chembl|library,chembl_scan_3|library_142,aromatic;ether;hydroxyl;phenol|anhydride;aromatic;ester;ether,1,酸酐-羟基酯化。,249.71757875813412,51.49046073826435,0.282421241865876,1.9745000000000001,0.024878397583961487,1.5937814712524414,0.6204724011000916,True,True,True,False,False,False,False,False,True,False,False,False,False,False,False,False,False,False,False,,True,False,True,False,,,,,,,True,,,,,,,,,,,1
2637,2,Nc1ccc(-c2ccc(N)c(N)c2)c(N)c1|O=C1C=CC(=O)N1c1ccc(Oc2ccc(N3C(=O)C=CC3=O)cc2)cc1,0.25000:0.75000,library|generated,library_218|generated_bismaleimide_oda,aromatic;primary_amine|aromatic;ether;imide;maleimide;vinyl,1,马来酰亚胺-胺 Michael 加成。,249.5673001056943,55.83015650350917,0.4326998943056992,2.4095,0.04216676950454712,2.701324224472046,0.722772763081465,True,True,True,False,True,False,False,False,True,False,False,False,False,False,False,False,False,False,False,,True,True,False,False,True,,,,,,,,,,,,,,,,,1
2656,2,Nc1ccc(-c2nc3ccc(N)cc3[nH]2)cc1|O=C1C=CC(=O)N1c1ccc(Oc2ccc(N3C(=O)C=CC3=O)cc2)cc1,0.35000:0.65000,library|generated,library_223|generated_bismaleimide_oda,aromatic;primary_amine|aromatic;ether;imide;maleimide;vinyl,1,马来酰亚胺-胺 Michael 加成。,250.9913981078327,48.13482672633379,0.9913981078327083,2.4095,0.0381477065384388,2.4438514709472656,0.7296357262442784,True,True,True,False,True,False,False,False,True,False,False,False,False,False,False,False,False,False,False,,True,True,False,False,True,,,,,,,,,,,,,,,,,1
1186,2,COc1ccccc1C1=C(Nc2ccccc2)C(=O)NC1=O|Nc1cccc(S(=O)(=O)c2cccc(N)c2)c1,0.65000:0.35000,chembl|library,chembl_scan_1432|library_97,aromatic;ether;imide;maleimide;secondary_amine;vinyl|aromatic;primary_amine,1,马来酰亚胺-胺 Michael 加成。,250.07057849427198,68.63011916871235,0.07057849427198448,2.712,0.04701212793588638,3.0117316246032715,0.7532917130058697,True,True,True,False,True,False,True,False,True,False,False,False,False,False,False,False,False,False,False,,True,False,True,False,True,,,,,,,,,,,,,,,,,1
2692,2,Nc1ccc(Oc2ccc(N)cc2)cc1|O=C1C=CC(=O)N1c1ccc(Oc2ccc(N3C(=O)C=CC3=O)cc2)cc1,0.75000:0.25000,library|generated,library_20|generated_bismaleimide_oda,aromatic;ether;primary_amine|aromatic;ether;imide;maleimide;vinyl,1,马来酰亚胺-胺 Michael 加成。,249.7916421702045,63.15509860643542,0.20835782979548867,2.4095,0.035360801964998245,2.2653143405914307,0.785323765388615,True,True,True,False,True,False,False,False,True,False,False,False,False,False,False,False,False,False,False,,True,True,False,False,True,,,,,,,,,,,,,,,,,1
2705,2,Nc1ccc(SSc2ccc(N)cc2)cc1|O=C1C=CC(=O)N1c1ccc(Oc2ccc(N3C(=O)C=CC3=O)cc2)cc1,0.45000:0.55000,library|generated,library_59|generated_bismaleimide_oda,aromatic;primary_amine|aromatic;ether;imide;maleimide;vinyl,1,马来酰亚胺-胺 Michael 加成。,251.37246868249846,48.225033682086824,1.3724686824984644,2.4095,0.024586791172623634,1.575100302696228,0.8120558093673539,True,True,True,False,True,False,False,False,True,False,False,False,False,False,False,False,False,False,False,,True,True,False,False,True,,,,,,,,,,,,,,,,,1
2132,2,Cn1cc(C2=C(c3coc4ccccc34)C(=O)NC2=O)c2ccc(O)cc21|Nc1ccc(Cc2ccc(N)cc2)cc1,0.25000:0.75000,chembl|library,chembl_scan_278|library_50,aromatic;hydroxyl;imide;maleimide;phenol;secondary_amine;vinyl|aromatic;primary_amine,1,马来酰亚胺-胺 Michael 加成。,250.1184463887712,66.16635422764351,0.11844638877118996,2.4095,0.039389196783304214,2.5233848094940186,0.966412325752707,True,True,True,False,True,False,False,False,True,False,False,False,False,False,False,False,False,False,False,,True,False,True,False,True,,,,,,,,,,,,,,,,,1
1765,2,C/C(=C\CC1OC(=O)NC1=O)c1cccc(OCCc2nc(-c3ccccc3)oc2C)c1|Cn1cc(C2=C(c3coc4ccccc34)C(=O)NC2=O)c2ccc(O)cc21,0.45000:0.55000,chembl|chembl,chembl_scan_118|chembl_scan_278,aromatic;ester;ether;imide;secondary_amine;vinyl|aromatic;hydroxyl;imide;maleimide;phenol;secondary_amine;vinyl,2,马来酰亚胺与烯基共聚/加成。,250.1810975473844,69.49018203256283,0.18109754738441097,2.4095,0.03568192571401596,2.285886526107788,0.9953687534759064,True,True,True,False,True,False,False,False,True,False,False,False,False,False,False,False,False,False,False,True,True,False,True,False,,,,,,,,,,,,,,,,,,1
12,2,CC(C)=CCC/C(C)=C/Cc1c(O)cc(/C=C/c2ccccc2)cc1O|COc1ccccc1C1=C(Nc2ccccc2)C(=O)NC1=O,0.50429:0.49571,chembl|chembl,chembl_scan_605|chembl_scan_1432,aromatic;hydroxyl;phenol;vinyl|aromatic;ether;imide;maleimide;secondary_amine;vinyl,2,马来酰亚胺与烯基共聚/加成。,249.54972145699026,72.5921251190947,0.4502785430097447,2.5204302741424427,0.025698628276586533,1.6463278532028198,1.0493323601485052,True,True,True,False,True,False,False,False,True,False,False,False,False,False,False,False,False,False,False,True,True,False,True,False,,,,,,,,,,,,,,,,,,2
438,2,N#Cc1c(N)nc(Sc2ccc(O)cc2)c(C#N)c1-c1ccc(Cl)cc1|O=C1C=CC(=O)N1c1ccc(Cc2ccc(N3C(=O)C=CC3=O)cc2)cc1,0.15000:0.85000,chembl|library,chembl_scan_369|library_158,aromatic;hydroxyl;nitrile;phenol;primary_amine|aromatic;imide;maleimide;vinyl,1,马来酰亚胺-胺 Michael 加成。,249.38273903066158,62.28134358027132,0.6172609693384175,2.657,0.05135577917098999,3.2899985313415527,1.1044410701242398,True,True,True,False,True,True,False,False,True,False,False,False,False,False,False,False,False,False,False,,True,False,True,False,True,,,,,,,,,,,,,,,,,1
2363,3,CC(C)(O)C(=O)c1ccc(OCCO)cc1|Cc1ccccc1Nc1nc(Nc2ccccc2C)nc(N2CCN(CCNc3ccnc4cc(Cl)ccc34)CC2)n1|O=C1OC(=O)c2cc(Oc3ccc4c(c3)C(=O)OC4=O)ccc21,0.56900:0.11254:0.31846,library|chembl|library,library_208|chembl_scan_256|library_142,aromatic;ether;hydroxyl|aromatic;secondary_amine|anhydride;aromatic;ester;ether,1,酸酐-羟基酯化。|酸酐-胺开环形成酰胺酸。,248.15108807839002,40.742526269445314,1.8489119216099823,2.311256744508109,0.027409067377448082,1.7559034824371338,1.110018925416723,True,True,True,False,False,False,False,False,True,False,False,False,False,False,False,False,False,False,False,,True,False,True,True,,,True,,,,True,,,,,,,,,,,2
7773,2,Nc1cccc(Oc2cccc(Oc3cccc(N)c3)c2)c1|O=C(c1ccc2c(c1)C(=O)OC2=O)c1ccc2c(c1)C(=O)OC2=O,0.65000:0.35000,library|generated,library_141|generated_dianhydride_btda,aromatic;ether;primary_amine|anhydride;aromatic;ester;ether,1,酸酐-胺形成聚酰胺酸/聚酰亚胺前体。,251.4378776144939,47.09889249911273,1.4378776144939138,1.9745000000000001,0.014778072014451027,0.9467256665229797,1.28596514772372,True,True,True,False,False,False,False,False,True,False,False,False,False,False,False,False,False,False,False,,True,True,False,False,,,,,,,,,,,,True,,,,,,1
3035,2,CC(C)(c1ccc(OC#N)cc1)c1ccc(OC#N)cc1|O=S(=O)(c1ccc(Br)cc1)N1CCN(Cc2ccc3cccnc3c2O)CC1,0.55000:0.45000,library|chembl,library_147|chembl_scan_1468,aromatic;cyanate_ester;ether;nitrile|aromatic;hydroxyl;phenol,1,氰酸酯-酚共固化/催化三聚。,248.92074458794843,56.20222880263065,1.079255412051566,2.2215000000000003,0.024719765409827232,1.5836189985275269,1.3012557896940384,True,True,False,True,False,True,True,False,True,False,False,False,False,False,False,True,False,False,False,,True,False,True,False,,,,,,True,,,,,,,,,,,,1
8158,2,N#COc1ccc(CC2CCCC(Cc3ccc(OC#N)cc3)C2)cc1|Nc1c(S(=O)(=O)O)cc(Nc2ccc(F)cc2)c2c1C(=O)c1ccccc1C2=O,0.85000:0.15000,library|chembl,library_66|chembl_scan_986,aromatic;cyanate_ester;ether;nitrile|aromatic;primary_amine;secondary_amine,1,氰酸酯-胺共反应。,251.761122520315,34.332260617008664,1.7611225203150127,1.9425000000000003,0.035340566188097,2.2640180587768555,1.355464477907431,True,True,False,True,False,True,True,False,True,False,True,False,False,False,False,False,True,False,False,,True,False,True,False,,,,,,,,,,,True,,,,,,,1
8126,2,N#COc1ccc(CC2CCCC(Cc3ccc(OC#N)cc3)C2)cc1|NC(=O)CCC(NS(=O)(=O)c1ccc(Cl)c2ccccc12)C(N)=O,0.65000:0.35000,library|chembl,library_66|chembl_scan_1596,aromatic;cyanate_ester;ether;nitrile|aromatic;primary_amine,1,氰酸酯-胺共反应。,248.8642227734369,46.9261189570028,1.135777226563107,1.9425000000000003,0.03002135641872883,1.923254132270813,1.3664833102780585,True,True,False,True,False,True,True,False,True,False,True,False,False,False,False,False,True,False,False,,True,False,True,False,,,,,,,,,,,True,,,,,,,1
1907,2,Cn1cc(C2=C(c3coc4ccccc34)C(=O)NC2=O)c2ccc(O)cc21|Nc1ccc2c(O)c(/N=N/c3ccc4c(O)cc(S(=O)(=O)O)cc4c3)c(S(=O)(=O)O)cc2c1,0.75000:0.25000,chembl|chembl,chembl_scan_278|chembl_scan_1519,aromatic;hydroxyl;imide;maleimide;phenol;secondary_amine;vinyl|aromatic;hydroxyl;phenol;primary_amine,2,马来酰亚胺-胺 Michael 加成。,249.85417443893004,84.63630157459367,0.14582556106995526,2.712,0.03556446358561516,2.2783615589141846,1.382230201165539,True,True,True,False,True,False,True,False,True,False,False,False,False,False,False,False,False,False,False,,True,False,True,False,True,,,,,,,,,,,,,,,,,1
8138,2,N#COc1ccc(CC2CCCC(Cc3ccc(OC#N)cc3)C2)cc1|NCCS(=O)(=O)N1CCc2c([nH]c3ccc(Cl)cc23)C1c1cccc(O)c1,0.85000:0.15000,library|chembl,library_66|chembl_scan_872,aromatic;cyanate_ester;ether;nitrile|aromatic;hydroxyl;phenol;primary_amine,1,氰酸酯-酚共固化/催化三聚。,251.81538757669878,35.33897076045571,1.8153875766987824,1.9425000000000003,0.03185169771313667,2.040511131286621,1.3919047182764417,True,True,False,True,False,True,True,False,True,False,True,False,False,False,False,False,True,False,False,,True,False,True,False,,,,,,True,,,,,,,,,,,,1
495,2,O=C(C1=C(O)c2ccccc2S(=O)(=O)N1Cc1ccccc1)c1ccccc1|O=C1C=CC(=O)N1c1ccc(Cc2ccc(N3C(=O)C=CC3=O)cc2)cc1,0.45000:0.55000,chembl|library,chembl_scan_1419|library_158,aromatic;hydroxyl;vinyl|aromatic;imide;maleimide;vinyl,1,马来酰亚胺与烯基共聚/加成。,251.1323973295109,57.67234971909733,1.1323973295108942,2.712,0.05813296511769295,3.7241644859313965,1.4069958827327222,True,True,True,False,True,False,True,False,True,False,False,False,False,False,False,False,False,False,False,True,True,False,True,False,,,,,,,,,,,,,,,,,,1
7866,2,CC(C)(c1ccc(O)cc1)c1ccc(O)cc1|O=C(c1ccc2c(c1)C(=O)OC2=O)c1ccc2c(c1)C(=O)OC2=O,0.35000:0.65000,generated|generated,generated_bisphenol_a|generated_dianhydride_btda,aromatic;hydroxyl;phenol|anhydride;aromatic;ester;ether,2,酸酐-羟基酯化。,250.2595168328813,64.15755918440155,0.2595168328813031,1.9745000000000001,0.037571489810943604,2.40693736076355,1.4921984602126377,True,True,True,False,False,False,False,False,True,False,False,False,False,False,False,False,False,False,False,,True,True,False,False,,,,,,,True,,,,,,,,,,,1
1282,2,COc1ccccc1C1=C(Nc2ccccc2)C(=O)NC1=O|O=C(C1=C(O)c2ccccc2S(=O)(=O)N1Cc1ccccc1)c1ccccc1,0.25000:0.75000,chembl|chembl,chembl_scan_1432|chembl_scan_1419,aromatic;ether;imide;maleimide;secondary_amine;vinyl|aromatic;hydroxyl;vinyl,2,马来酰亚胺与烯基共聚/加成。,249.00621885856017,71.23827135339714,0.9937811414398254,2.712,0.04329144209623337,2.77337384223938,1.5995582674274356,True,True,True,False,True,False,True,False,True,False,False,False,False,False,False,False,False,False,False,True,True,False,True,False,,,,,,,,,,,,,,,,,,1
8056,2,COC(=O)c1cc(CCc2ccc(OC)cc2OC)ccc1O|O=C(c1ccc2c(c1)C(=O)OC2=O)c1ccc2c(c1)C(=O)OC2=O,0.35000:0.65000,chembl|generated,chembl_scan_72|generated_dianhydride_btda,aromatic;ester;ether;hydroxyl;phenol|anhydride;aromatic;ester;ether,2,酸酐-羟基酯化。,250.37496109359748,64.02237443599698,0.3749610935974772,1.9745000000000001,0.04273855686187744,2.7379543781280518,1.7153875921021144,True,True,True,False,False,False,False,False,True,False,False,False,False,False,False,False,False,False,False,,True,True,True,False,,,,,,,True,,,,,,,,,,,1
3034,2,CC(C)(c1ccc(OC#N)cc1)c1ccc(OC#N)cc1|O=S(=O)(c1ccc(Br)cc1)N1CCN(Cc2ccc3cccnc3c2O)CC1,0.45000:0.55000,library|chembl,library_147|chembl_scan_1468,aromatic;cyanate_ester;ether;nitrile|aromatic;hydroxyl;phenol,1,氰酸酯-酚共固化/催化三聚。,250.7905918445167,62.81027937635586,0.7905918445167117,2.2215000000000003,0.03900982066988945,2.4990808963775635,1.729486920830209,True,True,False,True,False,True,True,False,True,False,False,False,False,False,False,True,False,False,False,,True,False,True,False,,,,,,True,,,,,,,,,,,,1
2128,2,Cn1cc(C2=C(c3coc4ccccc34)C(=O)NC2=O)c2ccc(O)cc21|Nc1ccc(-c2nc3ccc(N)cc3[nH]2)cc1,0.85000:0.15000,chembl|library,chembl_scan_278|library_223,aromatic;hydroxyl;imide;maleimide;phenol;secondary_amine;vinyl|aromatic;primary_amine,1,马来酰亚胺-胺 Michael 加成。,250.01002773160022,83.71504693561819,0.010027731600217749,2.4095,0.03474503755569458,2.2258667945861816,1.8067839258424727,True,True,True,False,True,False,False,False,True,False,False,False,False,False,False,False,False,False,False,,True,False,True,False,True,,,,,,,,,,,,,,,,,1
1784,2,Cn1cc(C2=C(c3coc4ccccc34)C(=O)NC2=O)c2ccc(O)cc21|N#COc1ccc(CC2CCCC(Cc3ccc(OC#N)cc3)C2)cc1,0.45000:0.55000,chembl|library,chembl_scan_278|library_66,aromatic;hydroxyl;imide;maleimide;phenol;secondary_amine;vinyl|aromatic;cyanate_ester;ether;nitrile,1,氰酸酯-酚共固化/催化三聚。,252.27216875693165,52.85909136295659,2.2721687569316487,2.67,0.03854214400053024,2.4691202640533447,1.8859063311277144,True,True,True,True,True,True,False,False,True,False,True,False,False,False,False,False,True,False,False,,True,False,True,False,,,,,,True,,,,,,,,,,,,1
8125,2,N#COc1ccc(CC2CCCC(Cc3ccc(OC#N)cc3)C2)cc1|NC(=O)CCC(NS(=O)(=O)c1ccc(Cl)c2ccccc12)C(N)=O,0.55000:0.45000,library|chembl,library_66|chembl_scan_1596,aromatic;cyanate_ester;ether;nitrile|aromatic;primary_amine,1,氰酸酯-胺共反应。,251.1082321067809,54.79128244995536,1.1082321067808891,1.9425000000000003,0.033863019198179245,2.1693620681762695,1.896985777639904,True,True,False,True,False,True,True,False,True,False,True,False,False,False,False,False,True,False,False,,True,False,True,False,,,,,,,,,,,True,,,,,,,1
1153,2,COc1ccccc1C1=C(Nc2ccccc2)C(=O)NC1=O|O=C(c1ccc2c(c1)C(=O)OC2=O)c1ccc2c(c1)C(=O)OC2=O,0.35000:0.65000,chembl|generated,chembl_scan_1432|generated_dianhydride_btda,aromatic;ether;imide;maleimide;secondary_amine;vinyl|anhydride;aromatic;ester;ether,2,酸酐-胺开环形成酰胺酸。,249.2634636246242,73.3654062692801,0.7365363753758061,2.4095,0.04165800288319588,2.6687309741973877,1.9173165925016968,True,True,True,False,True,False,False,False,True,False,False,False,False,False,False,False,False,False,False,,True,True,True,False,,,True,,,,,,,,,,,,,,,1
2608,2,CC(C)(c1ccc(N)cc1)c1ccc(C(C)(C)c2ccc(N)cc2)cc1|O=C1C=CC(=O)N1c1ccc(Oc2ccc(N3C(=O)C=CC3=O)cc2)cc1,0.15000:0.85000,library|generated,library_150|generated_bismaleimide_oda,aromatic;primary_amine|aromatic;ether;imide;maleimide;vinyl,1,马来酰亚胺-胺 Michael 加成。,249.1292083813124,64.40472419374987,0.8707916186876048,2.4095,0.05465908721089363,3.501617908477783,1.955441338279821,True,True,True,False,True,False,False,False,True,False,False,False,False,False,False,False,False,False,False,,True,True,False,False,True,,,,,,,,,,,,,,,,,1
7664,2,CC(C)(c1occc1CN)c1occc1CN|O=C(c1ccc2c(c1)C(=O)OC2=O)c1ccc2c(c1)C(=O)OC2=O,0.55000:0.45000,library|generated,library_133|generated_dianhydride_btda,aromatic;primary_amine|anhydride;aromatic;ester;ether,1,酸酐-胺形成聚酰胺酸/聚酰亚胺前体。,248.29437394103383,51.6674269743525,1.7056260589661747,1.9745000000000001,0.025140557438135147,1.6105761528015137,2.060173330907855,True,True,True,False,False,False,False,False,True,False,False,False,False,False,False,False,False,False,False,,True,True,False,False,,,,,,,,,,,,True,,,,,,1
1817,2,Cn1cc(C2=C(c3coc4ccccc34)C(=O)NC2=O)c2ccc(O)cc21|Nc1cccc(S(=O)(=O)c2cccc(N)c2)c1,0.75000:0.25000,chembl|library,chembl_scan_278|library_97,aromatic;hydroxyl;imide;maleimide;phenol;secondary_amine;vinyl|aromatic;primary_amine,1,马来酰亚胺-胺 Michael 加成。,251.25858267166106,73.90181926554918,1.2585826716610597,2.712,0.038420163094997406,2.461305856704712,2.0649488774406586,True,True,True,False,True,False,True,False,True,False,False,False,False,False,False,False,False,False,False,,True,False,True,False,True,,,,,,,,,,,,,,,,,1
1628,2,O=C(Nc1cc(Cl)ccc1O)c1ccc(F)cc1|O=C1OC(=O)c2cc(Oc3ccc4c(c3)C(=O)OC4=O)ccc21,0.29514:0.70486,chembl|library,chembl_scan_670|library_142,aromatic;hydroxyl;phenol;secondary_amine|anhydride;aromatic;ester;ether,1,酸酐-羟基酯化。,252.3055542068608,42.37312476501996,2.3055542068607906,2.0799818190871298,0.03329097107052803,2.1327149868011475,2.1164210276029825,True,True,True,False,False,False,False,False,True,False,False,False,False,False,False,False,False,False,False,,True,False,True,False,,,,,,,True,,,,,,,,,,,2
8645,2,NC(=O)CCC(NS(=O)(=O)c1ccc(Cl)c2ccccc12)C(N)=O|O=C=Nc1ccc(Cc2ccc(N=C=O)cc2)cc1,0.55000:0.45000,chembl|library,chembl_scan_1596|library_68,aromatic;primary_amine|aromatic;isocyanate,1,异氰酸酯-伯胺形成聚脲。,250.81892200669847,59.66205619306374,0.8189220066984717,1.6820000000000002,0.025883512571454048,1.6581720113754272,2.1378055822636957,True,True,False,False,False,False,True,False,True,False,False,False,False,False,False,False,False,False,False,,True,False,True,False,,,,,,,,,,,,,,,,,True,1
691,2,N#Cc1c(N)nc(Sc2ccc(O)cc2)c(C#N)c1-c1ccc(Cl)cc1|O=C=Nc1ccc(N=C=O)cc1,0.39564:0.60436,chembl|generated,chembl_scan_369|generated_diisocyanate_ppdi,aromatic;hydroxyl;nitrile;phenol;primary_amine|aromatic;isocyanate,2,异氰酸酯-羟基形成聚氨酯。,251.24365774781597,59.553996554664664,1.2436577478159734,1.8357730196496953,0.025460952892899513,1.6311016082763672,2.1505462725530697,True,True,False,False,False,True,False,False,True,False,False,False,False,False,False,False,False,False,False,,True,True,True,False,,,,,,,,,True,,,,,,,,,2
136,3,O=C(NCc1ccc(S(=O)(=O)O)cc1)C(CS)Cc1ccccc1|O=C1OC(=O)c2cc(-c3ccc4c(c3)C(=O)OC4=O)ccc21|c1ccc(C(c2ccc(OCC3CO3)cc2)c2ccc(OCC3CO3)cc2)cc1,0.28535:0.21272:0.50193,chembl|library|generated,chembl_scan_354|library_224|generated_diepoxy_bpf,aromatic;secondary_amine;thiol|anhydride;aromatic;ester;ether|aromatic;epoxy;ether,2,环氧-仲胺开环固化。|环氧-酸酐固化，常需催化剂。|酸酐-胺开环形成酰胺酸。,252.63376507813388,49.95654797510834,2.6337650781338766,2.706730352330723,0.04917752370238304,3.1504530906677246,2.153047974644924,True,True,True,False,False,False,True,False,True,False,False,False,False,False,False,False,True,False,False,,True,True,True,True,,,True,True,,,,,,,,,,,True,,,2
7766,2,Nc1ccc(SSc2ccc(N)cc2)cc1|O=C(c1ccc2c(c1)C(=O)OC2=O)c1ccc2c(c1)C(=O)OC2=O,0.35000:0.65000,library|generated,library_59|generated_dianhydride_btda,aromatic;primary_amine|anhydride;aromatic;ester;ether,1,酸酐-胺形成聚酰胺酸/聚酰亚胺前体。,248.62476380686456,58.35798277231021,1.3752361931354358,1.9745000000000001,0.026914220303297043,1.7242021560668945,2.1709859140974612,True,True,True,False,False,False,False,False,True,False,False,False,False,False,False,False,False,False,False,,True,True,False,False,,,,,,,,,,,,True,,,,,,1
2344,3,COc1cc(/C=N/c2ccc(OCC3CO3)cc2)ccc1OCC1CO1|Cc1ccc(NC(=O)Nc2ccccc2)c(C)c1|O=C1Nc2ccc(N3CCCC3=O)cc2C(CNC(=O)c2ccc(F)cc2)(C(F)(F)F)O1,0.38902:0.36256:0.24842,library|chembl|chembl,library_103|chembl_scan_495|chembl_scan_1017,aromatic;epoxy;ether|aromatic;secondary_amine|aromatic;ester;ether;secondary_amine,2,环氧-仲胺开环固化。,248.85503590838738,44.939504581865144,1.1449640916126214,1.2406083019111824,0.026116201654076576,1.6730787754058838,2.1919386548586974,True,True,False,False,False,False,False,True,True,False,False,False,False,False,False,False,True,False,False,,True,False,True,True,,,,True,,,,,,,,,,,,,,2
2096,2,COc1cc(C(c2cc(C)c(O)c(O)c2)c2cc(C)c(O)c(O)c2)ccc1OCC1CO1|Cn1cc(C2=C(c3coc4ccccc34)C(=O)NC2=O)c2ccc(O)cc21,0.35000:0.65000,library|chembl,library_107|chembl_scan_278,aromatic;epoxy;ether;hydroxyl;phenol|aromatic;hydroxyl;imide;maleimide;phenol;secondary_amine;vinyl,1,环氧-羟基醚化，常需催化剂。,250.78683865553083,77.19188176312831,0.7868386555308291,2.4095,0.03544466570019722,2.2706868648529053,2.2078919640170445,True,True,True,False,True,False,False,False,True,False,False,False,False,False,False,False,False,False,False,,True,False,True,False,,,,,,,,True,,,,,,,,,,1
840,3,C=CCc1ccc(OCC2CO2)c(-c2cc(CC=C)ccc2OCC2CO2)c1|CCOC(=O)c1ccc2ncc(C(=O)OCC)c(Nc3ccc(NC(C)=O)cc3)c2c1|Nc1ccc(-c2nc3ccc(N)cc3[nH]2)cc1,0.72952:0.16463:0.10585,library|chembl|library,library_100|chembl_scan_94|library_223,aromatic;epoxy;ether;vinyl|aromatic;ester;ether;secondary_amine|aromatic;primary_amine,1,环氧-仲胺开环固化。|环氧-伯胺开环固化。,249.21719637592946,49.39595478000847,0.7828036240705387,1.4716083019111825,0.043265100568532944,2.771686315536499,2.2620778382509292,True,True,False,False,False,False,False,False,True,False,False,False,False,False,False,False,True,False,False,,True,False,True,True,,,,True,,,,,,,,,,,,True,,2
6279,2,CS(=O)(=O)Nc1cccc(-c2nc(C(c3ccc(F)cc3)c3ccc(F)cc3)sc2CC(=O)O)c1|O=C1OC(=O)c2cc(Oc3ccc4c(c3)C(=O)OC4=O)ccc21,0.05000:0.95000,chembl|library,chembl_scan_1342|library_142,aromatic;carboxylic_acid;hydroxyl|anhydride;aromatic;ester;ether,1,酸酐-羟基酯化。,249.93209573553858,80.18832547617384,0.0679042644614185,2.277,0.054652340710163116,3.501185655593872,2.3114187724897035,True,True,True,False,False,False,True,False,True,False,False,False,False,False,False,False,False,False,False,,True,False,True,False,,,,,,,True,,,,,,,,,,,1
8267,2,N#COc1ccc(CC2CCCC(Cc3ccc(OC#N)cc3)C2)cc1|O=S(=O)(c1ccc(Br)cc1)N1CCN(Cc2ccc3cccnc3c2O)CC1,0.75000:0.25000,library|chembl,library_66|chembl_scan_1468,aromatic;cyanate_ester;ether;nitrile|aromatic;hydroxyl;phenol,1,氰酸酯-酚共固化/催化三聚。,247.84849408714229,38.21917834674332,2.151505912857715,1.6945000000000003,0.034742679446935654,2.2257156372070312,2.3624570866847745,True,True,False,True,False,True,True,False,True,False,True,False,False,False,False,True,True,False,False,,True,False,True,False,,,,,,True,,,,,,,,,,,,1
6259,2,CCN(CC)S(=O)(=O)c1cccc(C(=O)Nc2ccccc2C(=O)O)c1|O=C1OC(=O)c2cc(Oc3ccc4c(c3)C(=O)OC4=O)ccc21,0.05000:0.95000,chembl|library,chembl_scan_1189|library_142,aromatic;carboxylic_acid;hydroxyl;secondary_amine|anhydride;aromatic;ester;ether,1,酸酐-羟基酯化。,249.60703677671682,78.91032729549413,0.392963223283175,2.277,0.04696233943104744,3.008542060852051,2.38737258231104,True,True,True,False,False,False,True,False,True,False,False,False,False,False,False,False,False,False,False,,True,False,True,False,,,,,,,True,,,,,,,,,,,1
8033,2,CN1CCc2cccc3c2[C@H]1Cc1ccc(CO)c(O)c1-3|O=C(c1ccc2c(c1)C(=O)OC2=O)c1ccc2c(c1)C(=O)OC2=O,0.65000:0.35000,chembl|generated,chembl_scan_87|generated_dianhydride_btda,aromatic;hydroxyl;phenol|anhydride;aromatic;ester;ether,2,酸酐-羟基酯化。,250.55364086925073,74.35818688205941,0.553640869250728,1.9745000000000001,0.03792361542582512,2.4294955730438232,2.406255532739631,True,True,True,False,False,False,False,False,True,False,False,False,False,False,False,False,False,False,False,,True,True,True,False,,,,,,,True,,,,,,,,,,,1
7733,2,Nc1ccc(N(c2ccc(N)cc2)c2ccc(N)cc2)cc1|O=C(c1ccc2c(c1)C(=O)OC2=O)c1ccc2c(c1)C(=O)OC2=O,0.65000:0.35000,library|generated,library_21|generated_dianhydride_btda,aromatic;primary_amine|anhydride;aromatic;ester;ether,1,酸酐-胺形成聚酰胺酸/聚酰亚胺前体。,250.42467985824436,70.72491661153256,0.4246798582443603,1.9745000000000001,0.04776179417967796,3.0597574710845947,2.4298899698159224,True,True,True,False,False,False,False,False,True,False,False,False,False,False,False,False,False,False,False,,True,True,False,False,,,,,,,,,,,,True,,,,,,1
5922,2,CC(C)(CO)NC(=O)Cn1cccc(NC(=O)c2ccccc2)c1=O|O=C1OC(=O)c2cc(-c3ccc4c(c3)C(=O)OC4=O)ccc21,0.75000:0.25000,chembl|library,chembl_scan_433|library_224,aromatic;hydroxyl;secondary_amine|anhydride;aromatic;ester;ether,1,酸酐-羟基酯化。,250.8682647321462,67.89514322685837,0.8682647321462014,1.9745000000000001,0.03665810450911522,2.3484232425689697,2.454721460656842,True,True,True,False,False,False,False,False,True,False,False,False,False,False,False,False,False,False,False,,True,False,True,False,,,,,,,True,,,,,,,,,,,1
6176,2,CC(C)(C)c1ccc(C(=O)NC(=O)Nc2cccc(C3CN4CCSC4=N3)c2)cc1|O=C1OC(=O)c2cc(Oc3ccc4c(c3)C(=O)OC4=O)ccc21,0.35000:0.65000,chembl|library,chembl_scan_208|library_142,aromatic;imide;secondary_amine|anhydride;aromatic;ester;ether,1,酸酐-胺开环形成酰胺酸。,249.08639149931352,61.81260239042563,0.9136085006864789,1.9745000000000001,0.05315541848540306,3.4052884578704834,2.5050156043666854,True,True,True,False,False,False,False,False,True,False,False,False,False,False,False,False,False,False,False,,True,False,True,False,,,True,,,,,,,,,,,,,,,1
3106,2,CC(C)(c1ccc(OC#N)cc1)c1ccc(OC#N)cc1|CC1(C)CC(=O)C2=C(C1)Nc1c(O)cccc1N(C(=O)c1cccc(F)n1)C2c1ccc(OCc2ccccc2)cc1F,0.65000:0.35000,library|chembl,library_147|chembl_scan_673,aromatic;cyanate_ester;ether;nitrile|aromatic;ether;hydroxyl;phenol;secondary_amine;vinyl,1,氰酸酯-酚共固化/催化三聚。,250.26016265578923,81.64758694853357,0.26016265578923026,2.1670000000000003,0.04310629144310951,2.761512517929077,2.508347253976421,True,True,False,True,False,True,False,False,True,False,False,False,False,False,False,False,False,False,False,,True,False,True,False,,,,,,True,,,,,,,,,,,,1
470,4,CC(C)(c1ccc(N)cc1)c1ccc(N)cc1|COC(=O)C1=C(C)NC(C)=C(C(=O)OC)C1c1c(-c2cc(OC)ccc2OC)nc2sccn12|NCCS(=O)(=O)N1CCc2c([nH]c3ccc(Cl)cc23)C1c1cccc(O)c1|O=c1cc(-c2ccc(OCC3CO3)cc2)oc2cc(OCC3CO3)ccc12,0.17348:0.09045:0.11048:0.62559,generated|chembl|chembl|library,generated_diamine_bisphenol_a_core|chembl_scan_153|chembl_scan_872|library_117,aromatic;primary_amine|aromatic;ester;ether;secondary_amine;vinyl|aromatic;hydroxyl;phenol;primary_amine|aromatic;epoxy;ether,3,环氧-仲胺开环固化。|环氧-伯胺开环固化。|环氧-羟基醚化，常需催化剂。,252.29512883387918,43.64065879087611,2.2951288338791755,2.109183094368603,0.053291205316782,3.413987398147583,2.5337709996936306,True,True,False,False,False,False,True,False,True,False,False,False,False,False,False,False,True,False,False,,True,True,True,True,,,,True,,,,True,,,,,,,,True,,2
6659,2,O=C1OC(=O)c2cc(Oc3ccc4c(c3)C(=O)OC4=O)ccc21|O=S(=O)(Nc1ccccn1)c1ccc(/N=C/[C@H](O)[C@@H](O)[C@H](O)CO)cc1,0.95000:0.05000,library|chembl,library_142|chembl_scan_1125,anhydride;aromatic;ester;ether|aromatic;hydroxyl,1,酸酐-羟基酯化。,250.0507349326538,78.7830442124895,0.05073493265379625,2.0290000000000004,0.05211330205202103,3.3385274410247803,2.549802189761838,True,True,True,False,False,False,True,False,True,False,False,False,False,False,False,False,True,False,False,,True,False,True,False,,,,,,,True,,,,,,,,,,,1
6607,2,O=C1NC(=O)/C(=C\c2ccc(Cl)c(Cl)c2)S1|O=C1OC(=O)c2cc(Oc3ccc4c(c3)C(=O)OC4=O)ccc21,0.25000:0.75000,chembl|library,chembl_scan_1011|library_142,aromatic;imide;secondary_amine;vinyl|anhydride;aromatic;ester;ether,1,酸酐-胺开环形成酰胺酸。,251.08025460723712,66.18689297580765,1.0802546072371229,1.9745000000000001,0.03649800270795822,2.3381667137145996,2.560626535585692,True,True,True,False,False,False,False,False,True,False,False,False,False,False,False,False,False,False,False,,True,False,True,False,,,True,,,,,,,,,,,,,,,1
2236,2,Cc1cc(NC(=O)c2cc(Cl)cc(Cl)c2O)ccc1Sc1nc2ccccc2s1|O=C=Nc1ccc(N=C=O)cc1,0.61960:0.38040,chembl|generated,chembl_scan_46|generated_diisocyanate_ppdi,aromatic;hydroxyl;phenol;secondary_amine|aromatic;isocyanate,2,异氰酸酯-羟基形成聚氨酯。,249.97458510865002,77.78930453944622,0.025414891349981872,1.5895000000000001,0.03174673020839691,2.0337865352630615,2.5613984510588255,True,True,False,False,False,False,False,False,True,False,False,False,False,False,False,False,False,False,False,,True,True,True,False,,,,,,,,,True,,,,,,,,,2
2054,2,C=CCOc1ccc(SSc2ccc(OCC=C)cc2)cc1|Cn1cc(C2=C(c3coc4ccccc34)C(=O)NC2=O)c2ccc(O)cc21,0.55000:0.45000,library|chembl,library_196|chembl_scan_278,aromatic;ether;vinyl|aromatic;hydroxyl;imide;maleimide;phenol;secondary_amine;vinyl,1,马来酰亚胺与烯基共聚/加成。,246.85167276540096,46.172723816620376,3.148327234599037,2.4095,0.029103979468345642,1.8644843101501465,2.5660601721488105,True,True,True,False,True,False,False,False,True,False,False,False,False,False,False,False,False,False,False,True,True,False,True,False,,,,,,,,,,,,,,,,,,1
150,4,CCN(CC)S(=O)(=O)c1cccc(C(=O)Nc2ccccc2C(=O)O)c1|Nc1cccc(Oc2ccc(S(=O)(=O)c3ccc(Oc4cccc(N)c4)cc3)cc2)c1|O=C(O)c1ccc(-c2ccccn2)nc1|O=C1OC(=O)c2cc(Oc3ccc4c(c3)C(=O)OC4=O)ccc21,0.13793:0.25392:0.20429:0.40386,chembl|library|chembl|library,chembl_scan_1189|library_202|chembl_scan_695|library_142,aromatic;carboxylic_acid;hydroxyl;secondary_amine|aromatic;ether;primary_amine|aromatic;carboxylic_acid;hydroxyl|anhydride;aromatic;ester;ether,2,酸酐-羟基酯化。|酸酐-胺形成聚酰胺酸/聚酰亚胺前体。,253.0245573764717,51.4448264113731,3.024557376471705,2.6130541810658423,0.03880031406879425,2.48565936088562,2.60034104775871,True,True,True,False,False,False,True,False,True,False,False,False,False,False,False,False,False,False,False,,True,False,True,True,,,,,,,True,,,,,True,,,,,,2
1835,2,CC1=C(C#N)c2nc(N)c(C#N)c(C)c2/C1=C/c1ccc(-c2ccccc2C(=O)O)o1|Cn1cc(C2=C(c3coc4ccccc34)C(=O)NC2=O)c2ccc(O)cc21,0.45000:0.55000,chembl|chembl,chembl_scan_1512|chembl_scan_278,aromatic;carboxylic_acid;hydroxyl;nitrile;primary_amine;vinyl|aromatic;hydroxyl;imide;maleimide;phenol;secondary_amine;vinyl,2,马来酰亚胺-胺 Michael 加成。,251.18469503030528,86.534218230295,1.184695030305278,2.657,0.034947171807289124,2.238816022872925,2.6091337321285017,True,True,True,False,True,True,False,False,True,False,False,False,False,False,False,False,False,False,False,,True,False,True,False,True,,,,,,,,,,,,,,,,,1
186,2,Nc1ccc(C(c2ccc(N)cc2)(C(F)(F)F)C(F)(F)F)cc1|O=C1C=CC(=O)N(c2ccc(Cc3ccc(N4C(=O)C=CC4=O)cc3)cc2)C1=O,0.35000:0.65000,generated|library,generated_diamine_fluorinated_core|library_214,aromatic;primary_amine|aromatic;imide;maleimide;vinyl,1,马来酰亚胺-胺 Michael 加成。,251.1940051655521,75.5508378235886,1.1940051655521131,2.4095,0.03993220254778862,2.558171272277832,2.61721538026467,True,True,True,False,True,False,False,True,True,False,False,False,False,False,False,False,False,False,False,,True,True,False,False,True,,,,,,,,,,,,,,,,,1
3314,2,N#COc1ccc(-c2ccc(OC#N)cc2)cc1|Nc1ccc2c(O)c(/N=N/c3ccc4c(O)cc(S(=O)(=O)O)cc4c3)c(S(=O)(=O)O)cc2c1,0.45000:0.55000,generated|chembl,generated_dicyanate_biphenyl|chembl_scan_1519,aromatic;cyanate_ester;ether;nitrile|aromatic;hydroxyl;phenol;primary_amine,2,氰酸酯-酚共固化/催化三聚。,249.52780520552915,91.23660652993317,0.4721947944708518,2.4695,0.04127966985106468,2.64449405670166,2.620764106112423,True,True,False,True,False,True,True,False,True,False,False,False,False,False,False,False,False,False,False,,True,True,True,False,,,,,,True,,,,,,,,,,,,1
2717,2,Nc1cccc(Oc2cccc(Oc3cccc(N)c3)c2)c1|O=C1C=CC(=O)N1c1ccc(Oc2ccc(N3C(=O)C=CC3=O)cc2)cc1,0.25000:0.75000,library|generated,library_141|generated_bismaleimide_oda,aromatic;ether;primary_amine|aromatic;ether;imide;maleimide;vinyl,1,马来酰亚胺-胺 Michael 加成。,247.71890953453115,55.79537548105441,2.28109046546885,2.4095,0.044866111129522324,2.8742516040802,2.6296010557601845,True,True,True,False,True,False,False,False,True,False,False,False,False,False,False,False,False,False,False,,True,True,False,False,True,,,,,,,,,,,,,,,,,1
518,2,O=C1C=CC(=O)N1c1ccc(Cc2ccc(N3C(=O)C=CC3=O)cc2)cc1|O=C1NC(=O)c2ccc(I)cc2/C1=C/NCc1ccc(-c2ccoc2)c(O)c1,0.85000:0.15000,library|chembl,library_158|chembl_scan_444,aromatic;imide;maleimide;vinyl|aromatic;hydroxyl;imide;phenol;secondary_amine;vinyl,1,马来酰亚胺与烯基共聚/加成。,251.40127986427976,68.45852411307604,1.4012798642797577,2.1615,0.03287750482559204,2.106227159500122,2.6375708168893617,True,True,True,False,True,False,False,False,True,False,False,False,False,False,False,True,False,False,False,True,True,False,True,False,,,,,,,,,,,,,,,,,,1
1957,2,Cn1cc(C2=C(c3coc4ccccc34)C(=O)NC2=O)c2ccc(O)cc21|Nc1ccc(C(F)(F)F)c(-c2ccc(N)cc2C(F)(F)F)c1,0.75000:0.25000,chembl|library,chembl_scan_278|library_221,aromatic;hydroxyl;imide;maleimide;phenol;secondary_amine;vinyl|aromatic;primary_amine,1,马来酰亚胺-胺 Michael 加成。,249.47701879140803,90.33235543041518,0.5229812085919718,2.4095,0.03177066147327423,2.0353195667266846,2.650084382771222,True,True,True,False,True,False,False,True,True,False,False,False,False,False,False,False,False,False,False,,True,False,True,False,True,,,,,,,,,,,,,,,,,1
6339,2,Nc1c(S(=O)(=O)O)cc(Nc2ccc(F)cc2)c2c1C(=O)c1ccccc1C2=O|O=C1OC(=O)c2cc(Oc3ccc4c(c3)C(=O)OC4=O)ccc21,0.05000:0.95000,chembl|library,chembl_scan_986|library_142,aromatic;primary_amine;secondary_amine|anhydride;aromatic;ester;ether,1,酸酐-胺形成聚酰胺酸/聚酰亚胺前体。,250.7013171673081,78.85798785951006,0.7013171673081047,2.277,0.0465560220181942,2.9825122356414795,2.683475721353226,True,True,True,False,False,False,True,False,True,False,False,False,False,False,False,False,False,False,False,,True,False,True,False,,,,,,,,,,,,True,,,,,,1
6738,2,CC(C)(CO)NC(=O)Cn1cccc(NC(=O)c2ccccc2)c1=O|O=C1OC(=O)c2cc(Oc3ccc4c(c3)C(=O)OC4=O)ccc21,0.15000:0.85000,chembl|library,chembl_scan_433|library_142,aromatic;hydroxyl;secondary_amine|anhydride;aromatic;ester;ether,1,酸酐-羟基酯化。,250.70366871090283,70.63905072491985,0.7036687109028321,1.9745000000000001,0.04841930791735649,3.101879596710205,2.718469613246594,True,True,True,False,False,False,False,False,True,False,False,False,False,False,False,False,False,False,False,,True,False,True,False,,,,,,,True,,,,,,,,,,,1
6578,2,Cc1cnc2c(C(F)(F)F)cccc2c1-c1cccc(Oc2cccc(S(=O)(=O)CCC(C)(C)O)c2)c1|O=C1OC(=O)c2cc(Oc3ccc4c(c3)C(=O)OC4=O)ccc21,0.15000:0.85000,chembl|library,chembl_scan_1486|library_142,aromatic;ether;hydroxyl|anhydride;aromatic;ester;ether,1,酸酐-羟基酯化。,249.2881301309808,80.69941785377547,0.7118698690192105,2.277,0.04311761260032654,2.762237787246704,2.7274181657820846,True,True,True,False,False,False,True,True,True,False,False,False,False,False,False,False,False,False,False,,True,False,True,False,,,,,,,True,,,,,,,,,,,1
5765,2,Cc1cnc2c(C(F)(F)F)cccc2c1-c1cccc(Oc2cccc(S(=O)(=O)CCC(C)(C)O)c2)c1|O=C1OC(=O)c2cc(-c3ccc4c(c3)C(=O)OC4=O)ccc21,0.45000:0.55000,chembl|library,chembl_scan_1486|library_224,aromatic;ether;hydroxyl|anhydride;aromatic;ester;ether,1,酸酐-羟基酯化。,249.80791449607898,89.68079388804587,0.19208550392102097,2.277,0.042616430670022964,2.730130672454834,2.7352788725629646,True,True,True,False,False,False,True,True,True,False,False,False,False,False,False,False,False,False,False,,True,False,True,False,,,,,,,True,,,,,,,,,,,1
6017,2,CCCCCOc1ccc(Oc2ccc(O)cc2)cc1|O=C1OC(=O)c2cc(-c3ccc4c(c3)C(=O)OC4=O)ccc21,0.25000:0.75000,chembl|library,chembl_scan_279|library_224,aromatic;ether;hydroxyl;phenol|anhydride;aromatic;ester;ether,1,酸酐-羟基酯化。,248.28470231790172,56.30438688798038,1.7152976820982815,1.9745000000000001,0.04464637115597725,2.8601744174957275,2.785421941500609,True,True,True,False,False,False,False,False,True,False,False,False,False,False,False,False,False,False,False,,True,False,True,False,,,,,,,True,,,,,,,,,,,1
600,4,CC#CCOc1ccc(S(=O)(=O)N[C@H](Cc2cn(Cc3ccc(F)cc3)c3ccccc23)C(=O)O)cc1|CCn1ncc2c(-c3cncc(C)c3)c(/C=C/C(=O)O)cnc21|Cc1ccc(N=C=O)cc1N=C=O|O=C(O)/C(O)=C/C(=O)c1cccc(NC(=O)c2ccc(O)cc2)c1,0.30177:0.42123:0.12527:0.15173,chembl|chembl|library|chembl,chembl_scan_234|chembl_scan_575|library_226|chembl_scan_671,aromatic;carboxylic_acid;ether;hydroxyl|aromatic;carboxylic_acid;hydroxyl;vinyl|aromatic;isocyanate|aromatic;carboxylic_acid;hydroxyl;phenol;secondary_amine;vinyl,3,异氰酸酯-羟基形成聚氨酯。,250.68198104415595,70.03239950204399,0.6819810441559468,1.7877371202984889,0.043064702302217484,2.758848190307617,2.7891424884086695,True,True,False,False,False,False,True,False,True,False,False,False,False,False,False,False,False,False,False,,True,False,True,True,,,,,,,,,True,,,,,,,,,2
84,3,C=CCc1ccc(OCC2CO2)c(-c2cc(CC=C)ccc2OCC2CO2)c1|COc1ccccc1C1=C(Nc2ccccc2)C(=O)NC1=O|O=c1c(-c2cc(F)c(F)c(F)c2)coc2cc(O)ccc12,0.56141:0.20425:0.23434,library|chembl|chembl,library_100|chembl_scan_1432|chembl_scan_937,aromatic;epoxy;ether;vinyl|aromatic;ether;imide;maleimide;secondary_amine;vinyl|aromatic;hydroxyl;phenol,2,环氧-仲胺开环固化。|环氧-羟基醚化，常需催化剂。,246.1554278451058,40.01920359240228,3.8445721548941947,2.5035038026686385,0.03581136092543602,2.2941784858703613,2.7930807562231363,True,True,True,False,True,False,False,True,True,False,False,False,False,False,False,False,True,False,False,,True,False,True,True,,,,True,,,,True,,,,,,,,,,2
6589,2,CCN1CCN(C(=O)C(CC(C)C)NC(=O)Cn2c3ccccc3c3c4c(c5c6ccccc6[nH]c5c32)C(=O)N(C)C4=O)CC1|O=C1OC(=O)c2cc(Oc3ccc4c(c3)C(=O)OC4=O)ccc21,0.05000:0.95000,chembl|library,chembl_scan_482|library_142,aromatic;imide;secondary_amine|anhydride;aromatic;ester;ether,1,酸酐-胺开环形成酰胺酸。,249.80911366028587,80.28699297203602,0.19088633971412605,1.9745000000000001,0.048885464668273926,3.1317429542541504,2.795015952025239,True,True,True,False,False,False,False,False,True,False,False,False,False,False,False,False,False,False,False,,True,False,True,False,,,True,,,,,,,,,,,,,,,1
190,4,CC(C)(c1ccc(OCC2CO2)cc1)c1ccc(OCC2CO2)cc1|CC1=C(C#N)c2nc(N)c(C#N)c(C)c2/C1=C/c1ccc(-c2ccccc2C(=O)O)o1|COc1ccc2[nH]n(CC3(C)NC(=O)NC3=O)c(=O)c2c1|O=C(O)CN1C(=O)c2ccc(Oc3cccc([N+](=O)[O-])c3)cc2C1=O,0.16230:0.41400:0.30273:0.12097,library|chembl|chembl|chembl,library_10|chembl_scan_1512|chembl_scan_1624|chembl_scan_1336,aromatic;epoxy;ether|aromatic;carboxylic_acid;hydroxyl;nitrile;primary_amine;vinyl|aromatic;ether;imide;secondary_amine|aromatic;carboxylic_acid;ether;hydroxyl;imide,3,环氧-仲胺开环固化。|环氧-羧酸开环酯化。,252.14598703454845,66.56475256498933,2.1459870345484546,2.3134913262609498,0.026752064004540443,1.7138139009475708,2.8381209317619436,True,True,True,False,False,True,False,False,True,False,False,False,False,False,False,False,True,False,False,,True,False,True,True,,,,True,,,,,,,,,,True,,,,2
1533,4,C=CC[C@@H](OC(=O)C=C)c1ccc(C)c2ccccc12|COc1c(O)cc(O)c(C(=N)Cc2ccc(O)cc2)c1O|Cc1ccc(NC(=O)c2cccc(C(F)(F)F)c2)cc1NC(=O)c1cncnc1|O=C1CCCC(=O)O1,0.06640:0.24381:0.56705:0.12274,chembl|chembl|chembl|library,chembl_scan_302|chembl_scan_3|chembl_scan_662|library_44,aromatic;ester;ether;vinyl|aromatic;ether;hydroxyl;phenol|aromatic;secondary_amine|anhydride;ester;ether,3,酸酐-羟基酯化。|酸酐-胺开环形成酰胺酸。,248.41826836552664,68.31519006722982,1.581731634473357,2.311256744508109,0.047867439687252045,3.066525459289551,2.8559161580455137,True,True,True,False,False,False,False,True,True,False,False,False,False,False,False,False,False,False,False,,True,False,True,True,,,True,,,,True,,,,,,,,,,,2
2039,2,CS(=O)(=O)Nc1ccc2c(c1)S(=O)(=O)N=C(C1=C(O)[C@@H]3[C@@H]4CC[C@@H](C4)[C@@H]3N(Cc3cccc(C(F)(F)F)c3)C1=O)N2|Cn1cc(C2=C(c3coc4ccccc34)C(=O)NC2=O)c2ccc(O)cc21,0.05000:0.95000,chembl|chembl,chembl_scan_1289|chembl_scan_278,aromatic;hydroxyl;secondary_amine;vinyl|aromatic;hydroxyl;imide;maleimide;phenol;secondary_amine;vinyl,2,马来酰亚胺与烯基共聚/加成。,249.7738942964815,94.89518991404708,0.226105703518499,2.1850000000000005,0.03270072117447853,2.0949020385742188,2.857032811862299,True,True,True,False,True,False,True,True,True,False,True,False,False,False,False,False,True,False,False,True,True,False,True,False,,,,,,,,,,,,,,,,,,1
1428,4,CC(c1ccc(Oc2ccc(N)cc2)cc1)(c1ccc(Oc2ccc(N)cc2)cc1)c1ccc(Oc2ccc(N)cc2)cc1|COC(=O)C1=C(C)NC(C)=C(C(=O)OC)C1c1c(-c2cc(OC)ccc2OC)nc2sccn12|N#COc1ccc(-c2ccc(OC#N)cc2)cc1|O=C(NCc1ccc(S(=O)(=O)O)cc1)C(CS)Cc1ccccc1,0.24855:0.26198:0.15441:0.33506,library|chembl|generated|chembl,library_146|chembl_scan_153|generated_dicyanate_biphenyl|chembl_scan_354,aromatic;ether;primary_amine|aromatic;ester;ether;secondary_amine;vinyl|aromatic;cyanate_ester;ether;nitrile|aromatic;secondary_amine;thiol,3,氰酸酯-胺共反应。|硫醇-烯点击反应。,252.03418182922533,77.71083350483352,2.034181829225332,2.9070858079160606,0.04529184848070145,2.9015257358551025,2.8610285543989313,True,True,False,True,False,True,True,False,True,False,False,False,False,False,False,False,False,False,False,,True,True,True,True,,,,,,,,,,,True,,True,,,,,2
2391,2,N#Cc1c(N)nc(Sc2ccc(O)cc2)c(C#N)c1-c1ccc(Cl)cc1|O=C1C=CC(=O)N1c1ccc(Oc2ccc(N3C(=O)C=CC3=O)cc2)cc1,0.85000:0.15000,chembl|generated,chembl_scan_369|generated_bismaleimide_oda,aromatic;hydroxyl;nitrile;phenol;primary_amine|aromatic;ether;imide;maleimide;vinyl,2,马来酰亚胺-胺 Michael 加成。,250.8838384066913,91.98320194298142,0.8838384066912965,2.657,0.045616257935762405,2.9223082065582275,2.8744383955655612,True,True,True,False,True,True,False,False,True,False,False,False,False,False,False,False,False,False,False,,True,True,True,False,True,,,,,,,,,,,,,,,,,1
