source_candidate_tg,replace_side,original_smiles,replacement_smiles,replacement_source,replacement_label,replacement_template_family,replacement_template_intended_group,shared_groups,counterpart_groups,counterpart_compatibility_reason,feedback_constraint,tanimoto,latent_distance,latent_cosine_similarity,latent_rank,latent_search_space_rows,latent_compatible_rows,matched_groups,latent_size,vae_checkpoint
194.99681974863265,a,Nc1ccc(-c2ccc(N)c(C(F)(F)F)c2)c(C(F)(F)F)c1,Nc1ccc(C(c2ccc(N)cc2)(C(F)(F)F)C(F)(F)F)cc1,generated,generated_diamine_fluorinated_core,,,aromatic;primary_amine,aromatic;isocyanate,异氰酸酯-伯胺形成聚脲。,vae_latent_neighborhood_preserve_complementary_reactive_pair,0.2777777777777778,0.031722113490104675,0.997650682926178,1,565,375,aromatic;primary_amine,512,artifacts/reproduce/vae/finetuned_latent_512.pt
194.99681974863265,a,Nc1ccc(-c2ccc(N)c(C(F)(F)F)c2)c(C(F)(F)F)c1,O=C1CC(c2ccc(-c3ccccc3)cc2)c2c(ccc3ccccc23)N1,chembl,chembl_scan_57,,,aromatic;primary_amine,aromatic;isocyanate,异氰酸酯-仲胺形成脲键。,vae_latent_neighborhood_preserve_complementary_reactive_pair,0.08333333333333333,0.08817929029464722,0.9850472211837769,2,565,375,aromatic,512,artifacts/reproduce/vae/finetuned_latent_512.pt
194.99681974863265,a,Nc1ccc(-c2ccc(N)c(C(F)(F)F)c2)c(C(F)(F)F)c1,Nc1ccc(Oc2ccc(-c3ccc(Oc4ccc(N)cc4)cc3)cc2)cc1,library,library_145,,,aromatic;primary_amine,aromatic;isocyanate,异氰酸酯-伯胺形成聚脲。,vae_latent_neighborhood_preserve_complementary_reactive_pair,0.25,0.0904117226600647,0.9851605296134949,3,565,375,aromatic;primary_amine,512,artifacts/reproduce/vae/finetuned_latent_512.pt
194.99681974863265,a,Nc1ccc(-c2ccc(N)c(C(F)(F)F)c2)c(C(F)(F)F)c1,Nc1ccc(C(F)(F)F)c(-c2ccc(N)cc2C(F)(F)F)c1,library,library_222,,,aromatic;primary_amine,aromatic;isocyanate,异氰酸酯-伯胺形成聚脲。,vae_latent_neighborhood_preserve_complementary_reactive_pair,0.5757575757575758,0.09766031801700592,0.9946550726890564,4,565,375,aromatic;primary_amine,512,artifacts/reproduce/vae/finetuned_latent_512.pt
194.99681974863265,a,Nc1ccc(-c2ccc(N)c(C(F)(F)F)c2)c(C(F)(F)F)c1,COc1cc(Nc2ccnc3cc(-c4ccncc4)ccc23)cc(OC)c1OC,chembl,chembl_scan_364,,,aromatic;primary_amine,aromatic;isocyanate,异氰酸酯-仲胺形成脲键。,vae_latent_neighborhood_preserve_complementary_reactive_pair,0.09375,0.1051509901881218,0.9732658267021179,5,565,375,aromatic,512,artifacts/reproduce/vae/finetuned_latent_512.pt
194.99681974863265,b,Cc1ccc(N=C=O)cc1N=C=O,O=C=Nc1ccc(N=C=O)cc1,generated,generated_diisocyanate_ppdi,,,aromatic;isocyanate,aromatic;primary_amine,异氰酸酯-伯胺形成聚脲。,vae_latent_neighborhood_preserve_complementary_reactive_pair,0.52,0.027597302570939064,0.999736487865448,1,511,91,aromatic;isocyanate,512,artifacts/reproduce/vae/finetuned_latent_512.pt
194.99681974863265,b,Cc1ccc(N=C=O)cc1N=C=O,O=C=Nc1cccc(N=C=O)c1,literature_template,template_diisocyanate_metaphenylene,isocyanate,isocyanate,aromatic;isocyanate,aromatic;primary_amine,异氰酸酯-伯胺形成聚脲。,vae_latent_neighborhood_preserve_complementary_reactive_pair,0.5,0.030002323910593987,0.9996674656867981,2,511,91,aromatic;isocyanate,512,artifacts/reproduce/vae/finetuned_latent_512.pt
194.99681974863265,b,Cc1ccc(N=C=O)cc1N=C=O,Cc1ccc(OC#N)cc1OC#N,literature_template,template_dicyanate_dimethyl_phenyl,cyanate_ester,cyanate_ester,aromatic;isocyanate,aromatic;primary_amine,氰酸酯-胺共反应。,vae_latent_neighborhood_preserve_complementary_reactive_pair,0.23076923076923078,0.035235531628131866,0.9996952414512634,3,511,91,aromatic,512,artifacts/reproduce/vae/finetuned_latent_512.pt
194.99681974863265,b,Cc1ccc(N=C=O)cc1N=C=O,N#COc1ccc(OC#N)cc1,literature_template,template_dicyanate_hydroquinone,cyanate_ester,cyanate_ester,aromatic;isocyanate,aromatic;primary_amine,氰酸酯-胺共反应。,vae_latent_neighborhood_preserve_complementary_reactive_pair,0.11764705882352941,0.052956726402044296,0.9993771314620972,4,511,91,aromatic,512,artifacts/reproduce/vae/finetuned_latent_512.pt
194.99681974863265,b,Cc1ccc(N=C=O)cc1N=C=O,N#COc1cccc(OC#N)c1,literature_template,template_dicyanate_resorcinol,cyanate_ester,cyanate_ester,aromatic;isocyanate,aromatic;primary_amine,氰酸酯-胺共反应。,vae_latent_neighborhood_preserve_complementary_reactive_pair,0.16666666666666666,0.05350703373551369,0.9993362426757812,5,511,91,aromatic,512,artifacts/reproduce/vae/finetuned_latent_512.pt
195.005365464446,a,C=CC(=O)OCCOCCOc1ccccc1,C=C(C)C(=O)OCCOc1ccccc1,library,library_170,,,aromatic;ester;ether;vinyl,aromatic;imide;maleimide;vinyl,马来酰亚胺与烯基共聚/加成。,vae_latent_neighborhood_preserve_complementary_reactive_pair,0.5384615384615384,0.023386385291814804,0.9997879862785339,1,656,325,aromatic;ester;ether;vinyl,512,artifacts/reproduce/vae/finetuned_latent_512.pt
195.005365464446,a,C=CC(=O)OCCOCCOc1ccccc1,C=C(C)C(=O)OCC(CC)CCCC,library,library_166,,,aromatic;ester;ether;vinyl,aromatic;imide;maleimide;vinyl,马来酰亚胺与烯基共聚/加成。,vae_latent_neighborhood_preserve_complementary_reactive_pair,0.1320754716981132,0.03065386973321438,0.9997245073318481,2,656,325,ester;ether;vinyl,512,artifacts/reproduce/vae/finetuned_latent_512.pt
195.005365464446,a,C=CC(=O)OCCOCCOc1ccccc1,C=CC(=O)OCC(C)CCCCCCC,library,library_168,,,aromatic;ester;ether;vinyl,aromatic;imide;maleimide;vinyl,马来酰亚胺与烯基共聚/加成。,vae_latent_neighborhood_preserve_complementary_reactive_pair,0.2708333333333333,0.031908292323350906,0.9996269345283508,3,656,325,ester;ether;vinyl,512,artifacts/reproduce/vae/finetuned_latent_512.pt
195.005365464446,a,C=CC(=O)OCCOCCOc1ccccc1,CC(N)COCC(C)COCC(C)CN,library,library_19,,,aromatic;ester;ether;vinyl,aromatic;imide;maleimide;vinyl,马来酰亚胺-胺 Michael 加成。,vae_latent_neighborhood_preserve_complementary_reactive_pair,0.0625,0.03792218491435051,0.9994529485702515,4,656,325,ether,512,artifacts/reproduce/vae/finetuned_latent_512.pt
195.005365464446,a,C=CC(=O)OCCOCCOc1ccccc1,C=C(C)C(=O)OC(C)(C)C,library,library_163,,,aromatic;ester;ether;vinyl,aromatic;imide;maleimide;vinyl,马来酰亚胺与烯基共聚/加成。,vae_latent_neighborhood_preserve_complementary_reactive_pair,0.11363636363636363,0.040420956909656525,0.9993791580200195,5,656,325,ester;ether;vinyl,512,artifacts/reproduce/vae/finetuned_latent_512.pt
195.005365464446,b,O=C1C=CC(=O)N(c2ccc(Cc3ccc(N4C(=O)C=CC4=O)cc3)cc2)C1=O,CC(C)(c1ccc(N2C(=O)C=CC2=O)cc1)c1ccc(N2C(=O)C=CC2=O)cc1,literature_template,template_bismaleimide_bpa_core,maleimide,maleimide,aromatic;imide;maleimide;vinyl,aromatic;ester;ether;vinyl,马来酰亚胺与烯基共聚/加成。,vae_latent_neighborhood_preserve_complementary_reactive_pair,0.42857142857142855,0.0638611912727356,0.9672974348068237,1,598,55,aromatic;imide;maleimide;vinyl,512,artifacts/reproduce/vae/finetuned_latent_512.pt
195.005365464446,b,O=C1C=CC(=O)N(c2ccc(Cc3ccc(N4C(=O)C=CC4=O)cc3)cc2)C1=O,O=C(O)C(Cc1c[nH]c2ccccc12)NC(=O)C(CS)C1CCc2cc(O)ccc21,chembl,chembl_scan_174,,,aromatic;imide;maleimide;vinyl,aromatic;ester;ether;vinyl,硫醇-烯点击反应。,vae_latent_neighborhood_preserve_complementary_reactive_pair,0.07407407407407407,0.07324685901403427,0.954014241695404,2,598,55,aromatic,512,artifacts/reproduce/vae/finetuned_latent_512.pt
195.005365464446,b,O=C1C=CC(=O)N(c2ccc(Cc3ccc(N4C(=O)C=CC4=O)cc3)cc2)C1=O,O=C1C=CC(=O)N1c1ccc(C(F)(F)c2ccc(N3C(=O)C=CC3=O)cc2)cc1,literature_template,template_bismaleimide_fluoro_core,maleimide,maleimide,aromatic;imide;maleimide;vinyl,aromatic;ester;ether;vinyl,马来酰亚胺与烯基共聚/加成。,vae_latent_neighborhood_preserve_complementary_reactive_pair,0.4411764705882353,0.08819673955440521,0.9334923624992371,3,598,55,aromatic;imide;maleimide;vinyl,512,artifacts/reproduce/vae/finetuned_latent_512.pt
195.005365464446,b,O=C1C=CC(=O)N(c2ccc(Cc3ccc(N4C(=O)C=CC4=O)cc3)cc2)C1=O,C=C1C(=O)O[C@H]2/C=C(\C)CC/C=C(\C)C[C@H](O)[C@@H]12,chembl,chembl_scan_335,,,aromatic;imide;maleimide;vinyl,aromatic;ester;ether;vinyl,自由基共聚。,vae_latent_neighborhood_preserve_complementary_reactive_pair,0.06557377049180328,0.10780908167362213,0.9366746544837952,4,598,55,vinyl,512,artifacts/reproduce/vae/finetuned_latent_512.pt
195.005365464446,b,O=C1C=CC(=O)N(c2ccc(Cc3ccc(N4C(=O)C=CC4=O)cc3)cc2)C1=O,O=C1C=CC(=O)N1c1ccc(S(=O)(=O)c2ccc(N3C(=O)C=CC3=O)cc2)cc1,literature_template,template_bismaleimide_sulfone_bisphenyl,maleimide,maleimide,aromatic;imide;maleimide;vinyl,aromatic;ester;ether;vinyl,马来酰亚胺与烯基共聚/加成。,vae_latent_neighborhood_preserve_complementary_reactive_pair,0.4411764705882353,0.14605486392974854,0.8877326250076294,5,598,55,aromatic;imide;maleimide;vinyl,512,artifacts/reproduce/vae/finetuned_latent_512.pt
194.99270136027468,a,CC(C)(c1ccc(OCCOCC2CO2)cc1)c1ccc(OCCOCC2CO2)cc1,COc1cc(CO)cc(-c2cc(CO)cc(OC)c2OCC2CO2)c1OCC1CO1,library,library_115,,,aromatic;epoxy;ether,aromatic;ether;primary_amine,环氧-伯胺开环固化。,vae_latent_neighborhood_preserve_complementary_reactive_pair,0.2830188679245283,0.03703688457608223,0.9921296834945679,1,641,105,aromatic;epoxy;ether,512,artifacts/reproduce/vae/finetuned_latent_512.pt
194.99270136027468,a,CC(C)(c1ccc(OCCOCC2CO2)cc1)c1ccc(OCCOCC2CO2)cc1,c1ccc(C(c2ccc(OCC3CO3)cc2)c2ccc(OCC3CO3)cc2)cc1,generated,generated_diepoxy_bpf,,,aromatic;epoxy;ether,aromatic;ether;primary_amine,环氧-伯胺开环固化。,vae_latent_neighborhood_preserve_complementary_reactive_pair,0.4,0.07426008582115173,0.9679935574531555,2,641,105,aromatic;epoxy;ether,512,artifacts/reproduce/vae/finetuned_latent_512.pt
194.99270136027468,a,CC(C)(c1ccc(OCCOCC2CO2)cc1)c1ccc(OCCOCC2CO2)cc1,Cn1cc(C2=C(c3coc4ccccc34)C(=O)NC2=O)c2ccc(O)cc21,chembl,chembl_scan_291,,,aromatic;epoxy;ether,aromatic;ether;primary_amine,马来酰亚胺-胺 Michael 加成。,vae_latent_neighborhood_preserve_complementary_reactive_pair,0.06756756756756757,0.07546138763427734,0.9701626300811768,3,641,105,aromatic,512,artifacts/reproduce/vae/finetuned_latent_512.pt
194.99270136027468,a,CC(C)(c1ccc(OCCOCC2CO2)cc1)c1ccc(OCCOCC2CO2)cc1,O=C(c1ccc2c(c1)C(=O)OC2=O)c1ccc2c(c1)C(=O)OC2=O,generated,generated_dianhydride_btda,,,aromatic;epoxy;ether,aromatic;ether;primary_amine,酸酐-胺形成聚酰胺酸/聚酰亚胺前体。,vae_latent_neighborhood_preserve_complementary_reactive_pair,0.07692307692307693,0.07896445691585541,0.9650304913520813,4,641,105,aromatic;ether,512,artifacts/reproduce/vae/finetuned_latent_512.pt
194.99270136027468,a,CC(C)(c1ccc(OCCOCC2CO2)cc1)c1ccc(OCCOCC2CO2)cc1,O=C1C=CC(=O)N1c1ccc(Oc2ccc(N3C(=O)C=CC3=O)cc2)cc1,generated,generated_bismaleimide_oda,,,aromatic;epoxy;ether,aromatic;ether;primary_amine,马来酰亚胺-胺 Michael 加成。,vae_latent_neighborhood_preserve_complementary_reactive_pair,0.125,0.08203919231891632,0.9813117384910583,5,641,105,aromatic;ether,512,artifacts/reproduce/vae/finetuned_latent_512.pt
194.99270136027468,b,Nc1ccc(Oc2ccc(-c3ccc(Oc4ccc(N)cc4)cc3)cc2)cc1,O=C1CC(c2ccc(-c3ccccc3)cc2)c2c(ccc3ccccc23)N1,chembl,chembl_scan_57,,,aromatic;ether;primary_amine,aromatic;epoxy;ether,环氧-仲胺开环固化。,vae_latent_neighborhood_preserve_complementary_reactive_pair,0.125,0.028826620429754257,0.9974880814552307,1,672,447,aromatic,512,artifacts/reproduce/vae/finetuned_latent_512.pt
194.99270136027468,b,Nc1ccc(Oc2ccc(-c3ccc(Oc4ccc(N)cc4)cc3)cc2)cc1,COc1cc(Nc2ccnc3cc(-c4ccncc4)ccc23)cc(OC)c1OC,chembl,chembl_scan_364,,,aromatic;ether;primary_amine,aromatic;epoxy;ether,环氧-仲胺开环固化。,vae_latent_neighborhood_preserve_complementary_reactive_pair,0.1346153846153846,0.04716785252094269,0.9950432777404785,2,672,447,aromatic;ether,512,artifacts/reproduce/vae/finetuned_latent_512.pt
194.99270136027468,b,Nc1ccc(Oc2ccc(-c3ccc(Oc4ccc(N)cc4)cc3)cc2)cc1,CCNC(=O)Nc1nc2cc(-c3cccnc3)cc(-c3cnn(C)c3)n2n1,chembl,chembl_scan_140,,,aromatic;ether;primary_amine,aromatic;epoxy;ether,环氧-仲胺开环固化。,vae_latent_neighborhood_preserve_complementary_reactive_pair,0.058823529411764705,0.05336408317089081,0.9964058995246887,3,672,447,aromatic,512,artifacts/reproduce/vae/finetuned_latent_512.pt
194.99270136027468,b,Nc1ccc(Oc2ccc(-c3ccc(Oc4ccc(N)cc4)cc3)cc2)cc1,CC(C)(c1ccc(N)cc1)c1ccc(C(C)(C)c2ccc(N)cc2)cc1,library,library_151,,,aromatic;ether;primary_amine,aromatic;epoxy;ether,环氧-伯胺开环固化。,vae_latent_neighborhood_preserve_complementary_reactive_pair,0.32,0.06779678910970688,0.9969097375869751,4,672,447,aromatic;primary_amine,512,artifacts/reproduce/vae/finetuned_latent_512.pt
194.99270136027468,b,Nc1ccc(Oc2ccc(-c3ccc(Oc4ccc(N)cc4)cc3)cc2)cc1,Oc1ccc(/N=C(/Cc2ccc(Cl)cc2)c2ccc(O)c(O)c2O)cc1,chembl,chembl_scan_19,,,aromatic;ether;primary_amine,aromatic;epoxy;ether,环氧-羟基醚化，常需催化剂。,vae_latent_neighborhood_preserve_complementary_reactive_pair,0.0625,0.07575271278619766,0.9965035319328308,5,672,447,aromatic,512,artifacts/reproduce/vae/finetuned_latent_512.pt
195.0074809970216,a,C=CCc1ccc(OCC2CO2)c(-c2cc(CC=C)ccc2OCC2CO2)c1,Cc1cc(-c2cc(C)c(OCC3CO3)c(C)c2)c(C)cc1OCC1CO1,library,library_65,,,aromatic;epoxy;ether;vinyl,primary_amine,环氧-伯胺开环固化。,vae_latent_neighborhood_preserve_complementary_reactive_pair,0.3877551020408163,0.05766841769218445,0.9888268113136292,1,656,108,aromatic;epoxy;ether,512,artifacts/reproduce/vae/finetuned_latent_512.pt
195.0074809970216,a,C=CCc1ccc(OCC2CO2)c(-c2cc(CC=C)ccc2OCC2CO2)c1,O=c1cc(-c2ccc(OCC3CO3)cc2)oc2cc(OCC3CO3)ccc12,library,library_118,,,aromatic;epoxy;ether;vinyl,primary_amine,环氧-伯胺开环固化。,vae_latent_neighborhood_preserve_complementary_reactive_pair,0.30357142857142855,0.06245143339037895,0.9874006509780884,2,656,108,aromatic;epoxy;ether,512,artifacts/reproduce/vae/finetuned_latent_512.pt
195.0074809970216,a,C=CCc1ccc(OCC2CO2)c(-c2cc(CC=C)ccc2OCC2CO2)c1,c1ccc(C(c2ccc(OCC3CO3)cc2)c2ccc(OCC3CO3)cc2)cc1,generated,generated_diepoxy_bpf,,,aromatic;epoxy;ether;vinyl,primary_amine,环氧-伯胺开环固化。,vae_latent_neighborhood_preserve_complementary_reactive_pair,0.3333333333333333,0.07400975376367569,0.9941663146018982,3,656,108,aromatic;epoxy;ether,512,artifacts/reproduce/vae/finetuned_latent_512.pt
195.0074809970216,a,C=CCc1ccc(OCC2CO2)c(-c2cc(CC=C)ccc2OCC2CO2)c1,O=C(c1ccc2c(c1)C(=O)OC2=O)c1ccc2c(c1)C(=O)OC2=O,generated,generated_dianhydride_btda,,,aromatic;epoxy;ether;vinyl,primary_amine,酸酐-胺形成聚酰胺酸/聚酰亚胺前体。,vae_latent_neighborhood_preserve_complementary_reactive_pair,0.11764705882352941,0.08613244444131851,0.9937081933021545,4,656,108,aromatic;ether,512,artifacts/reproduce/vae/finetuned_latent_512.pt
195.0074809970216,a,C=CCc1ccc(OCC2CO2)c(-c2cc(CC=C)ccc2OCC2CO2)c1,COc1cc(CO)cc(-c2cc(CO)cc(OC)c2OCC2CO2)c1OCC1CO1,library,library_115,,,aromatic;epoxy;ether;vinyl,primary_amine,环氧-伯胺开环固化。,vae_latent_neighborhood_preserve_complementary_reactive_pair,0.40816326530612246,0.08738211542367935,0.9784225225448608,5,656,108,aromatic;epoxy;ether,512,artifacts/reproduce/vae/finetuned_latent_512.pt
195.0074809970216,b,CC1(C)CC(CN)CC(C)(N)C1,CC1(C)CC(N)CC(C)(CN)C1,library,library_114,,,primary_amine,aromatic;epoxy;ether;vinyl,环氧-伯胺开环固化。,vae_latent_neighborhood_preserve_complementary_reactive_pair,0.375,0.005642812233418226,0.9999881982803345,1,146,146,primary_amine,512,artifacts/reproduce/vae/finetuned_latent_512.pt
195.0074809970216,b,CC1(C)CC(CN)CC(C)(N)C1,CC1(C)CC(N)CC(C)(C)C1CN,library,library_129,,,primary_amine,aromatic;epoxy;ether;vinyl,环氧-伯胺开环固化。,vae_latent_neighborhood_preserve_complementary_reactive_pair,0.3225806451612903,0.012455807067453861,0.9999551773071289,2,146,146,primary_amine,512,artifacts/reproduce/vae/finetuned_latent_512.pt
195.0074809970216,b,CC1(C)CC(CN)CC(C)(N)C1,CC1(C)CC(CN)CC(CN)C1,library,library_119,,,primary_amine,aromatic;epoxy;ether;vinyl,环氧-伯胺开环固化。,vae_latent_neighborhood_preserve_complementary_reactive_pair,0.5384615384615384,0.03264769911766052,0.9998571872711182,3,146,146,primary_amine,512,artifacts/reproduce/vae/finetuned_latent_512.pt
195.0074809970216,b,CC1(C)CC(CN)CC(C)(N)C1,CC(C)P(=O)(O)C1=CCC(N)C1,chembl,chembl_scan_299,,,primary_amine,aromatic;epoxy;ether;vinyl,环氧-伯胺开环固化。,vae_latent_neighborhood_preserve_complementary_reactive_pair,0.08695652173913043,0.03691790997982025,0.9997308850288391,4,146,146,primary_amine,512,artifacts/reproduce/vae/finetuned_latent_512.pt
195.0074809970216,b,CC1(C)CC(CN)CC(C)(N)C1,CC(C)(c1occc1CN)c1occc1CN,library,library_134,,,primary_amine,aromatic;epoxy;ether;vinyl,环氧-伯胺开环固化。,vae_latent_neighborhood_preserve_complementary_reactive_pair,0.0975609756097561,0.0425068736076355,0.99929279088974,5,146,146,primary_amine,512,artifacts/reproduce/vae/finetuned_latent_512.pt
195.01964735721148,a,Cc1cc(-c2cc(C)c(OCC3CO3)c(C)c2)c(C)cc1OCC1CO1,O=c1cc(-c2ccc(OCC3CO3)cc2)oc2cc(OCC3CO3)ccc12,library,library_118,,,aromatic;epoxy;ether,ether;hydroxyl,环氧-羟基醚化，常需催化剂。,vae_latent_neighborhood_preserve_complementary_reactive_pair,0.30357142857142855,0.024900183081626892,0.9978113174438477,1,641,77,aromatic;epoxy;ether,512,artifacts/reproduce/vae/finetuned_latent_512.pt
195.01964735721148,a,Cc1cc(-c2cc(C)c(OCC3CO3)c(C)c2)c(C)cc1OCC1CO1,C=CCc1ccc(OCC2CO2)c(-c2cc(CC=C)ccc2OCC2CO2)c1,library,library_101,,,aromatic;epoxy;ether,ether;hydroxyl,环氧-羟基醚化，常需催化剂。,vae_latent_neighborhood_preserve_complementary_reactive_pair,0.3877551020408163,0.05766841769218445,0.9888268113136292,2,641,77,aromatic;epoxy;ether,512,artifacts/reproduce/vae/finetuned_latent_512.pt
195.01964735721148,a,Cc1cc(-c2cc(C)c(OCC3CO3)c(C)c2)c(C)cc1OCC1CO1,O=C1OC(=O)c2cc(Oc3ccc4c(c3)C(=O)OC4=O)ccc21,library,library_143,,,aromatic;epoxy;ether,ether;hydroxyl,酸酐-羟基酯化。,vae_latent_neighborhood_preserve_complementary_reactive_pair,0.12,0.09082694351673126,0.9932869672775269,3,641,77,aromatic;ether,512,artifacts/reproduce/vae/finetuned_latent_512.pt
195.01964735721148,a,Cc1cc(-c2cc(C)c(OCC3CO3)c(C)c2)c(C)cc1OCC1CO1,O=C1OC(=O)c2cc(Cc3ccc4c(c3)C(=O)OC4=O)ccc21,literature_template,template_dianhydride_methylene_bisphenyl,anhydride,anhydride,aromatic;epoxy;ether,ether;hydroxyl,酸酐-羟基酯化。,vae_latent_neighborhood_preserve_complementary_reactive_pair,0.12,0.0909530520439148,0.991907000541687,4,641,77,aromatic;ether,512,artifacts/reproduce/vae/finetuned_latent_512.pt
195.01964735721148,a,Cc1cc(-c2cc(C)c(OCC3CO3)c(C)c2)c(C)cc1OCC1CO1,c1ccc(C(c2ccc(OCC3CO3)cc2)c2ccc(OCC3CO3)cc2)cc1,generated,generated_diepoxy_bpf,,,aromatic;epoxy;ether,ether;hydroxyl,环氧-羟基醚化，常需催化剂。,vae_latent_neighborhood_preserve_complementary_reactive_pair,0.30612244897959184,0.10287263244390488,0.9853600859642029,5,641,77,aromatic;epoxy;ether,512,artifacts/reproduce/vae/finetuned_latent_512.pt
195.01964735721148,b,OCCOCCO,OCCCCO,library,library_100,,,ether;hydroxyl,aromatic;epoxy;ether,环氧-羟基醚化，常需催化剂。,vae_latent_neighborhood_preserve_complementary_reactive_pair,0.3076923076923077,0.01193018164485693,0.9999554753303528,1,525,364,hydroxyl,512,artifacts/reproduce/vae/finetuned_latent_512.pt
195.01964735721148,b,OCCOCCO,OCCCCCCO,library,library_229,,,ether;hydroxyl,aromatic;epoxy;ether,环氧-羟基醚化，常需催化剂。,vae_latent_neighborhood_preserve_complementary_reactive_pair,0.2857142857142857,0.01246986910700798,0.99994957447052,2,525,364,hydroxyl,512,artifacts/reproduce/vae/finetuned_latent_512.pt
195.01964735721148,b,OCCOCCO,C=CCCO,library,library_87,,,ether;hydroxyl,aromatic;epoxy;ether,环氧-羟基醚化，常需催化剂。,vae_latent_neighborhood_preserve_complementary_reactive_pair,0.2222222222222222,0.012523917481303215,0.9999521374702454,3,525,364,hydroxyl,512,artifacts/reproduce/vae/finetuned_latent_512.pt
195.01964735721148,b,OCCOCCO,CC(CO)CO,library,library_86,,,ether;hydroxyl,aromatic;epoxy;ether,环氧-羟基醚化，常需催化剂。,vae_latent_neighborhood_preserve_complementary_reactive_pair,0.17647058823529413,0.01602848805487156,0.9999166131019592,4,525,364,hydroxyl,512,artifacts/reproduce/vae/finetuned_latent_512.pt
195.01964735721148,b,OCCOCCO,O=C(O)CS,literature_template,template_thiol_acid,thiol,thiol,ether;hydroxyl,aromatic;epoxy;ether,环氧-羧酸开环酯化。,vae_latent_neighborhood_preserve_complementary_reactive_pair,0.1111111111111111,0.017510734498500824,0.9999016523361206,5,525,364,hydroxyl,512,artifacts/reproduce/vae/finetuned_latent_512.pt
195.02246564460987,a,Nc1ccc(Oc2ccc(-c3ccc(Oc4ccc(N)cc4)cc3)cc2)cc1,CC(C)(c1ccc(N)cc1)c1ccc(C(C)(C)c2ccc(N)cc2)cc1,library,library_151,,,aromatic;ether;primary_amine,aromatic;cyanate_ester;ether;nitrile,氰酸酯-胺共反应。,vae_latent_neighborhood_preserve_complementary_reactive_pair,0.32,0.06779678910970688,0.9969097375869751,1,672,220,aromatic;primary_amine,512,artifacts/reproduce/vae/finetuned_latent_512.pt
195.02246564460987,a,Nc1ccc(Oc2ccc(-c3ccc(Oc4ccc(N)cc4)cc3)cc2)cc1,Oc1ccc(/N=C(/Cc2ccc(Cl)cc2)c2ccc(O)c(O)c2O)cc1,chembl,chembl_scan_19,,,aromatic;ether;primary_amine,aromatic;cyanate_ester;ether;nitrile,氰酸酯-酚共固化/催化三聚。,vae_latent_neighborhood_preserve_complementary_reactive_pair,0.0625,0.07575271278619766,0.9965035319328308,2,672,220,aromatic,512,artifacts/reproduce/vae/finetuned_latent_512.pt
195.02246564460987,a,Nc1ccc(Oc2ccc(-c3ccc(Oc4ccc(N)cc4)cc3)cc2)cc1,Nc1ccc(C(c2ccc(N)cc2)(C(F)(F)F)C(F)(F)F)cc1,generated,generated_diamine_fluorinated_core,,,aromatic;ether;primary_amine,aromatic;cyanate_ester;ether;nitrile,氰酸酯-胺共反应。,vae_latent_neighborhood_preserve_complementary_reactive_pair,0.2962962962962963,0.08450563997030258,0.9900529384613037,3,672,220,aromatic;primary_amine,512,artifacts/reproduce/vae/finetuned_latent_512.pt
195.02246564460987,a,Nc1ccc(Oc2ccc(-c3ccc(Oc4ccc(N)cc4)cc3)cc2)cc1,Nc1ccc(-c2ccc(N)c(C(F)(F)F)c2)c(C(F)(F)F)c1,library,library_223,,,aromatic;ether;primary_amine,aromatic;cyanate_ester;ether;nitrile,氰酸酯-胺共反应。,vae_latent_neighborhood_preserve_complementary_reactive_pair,0.25,0.0904117226600647,0.9851605296134949,4,672,220,aromatic;primary_amine,512,artifacts/reproduce/vae/finetuned_latent_512.pt
195.02246564460987,a,Nc1ccc(Oc2ccc(-c3ccc(Oc4ccc(N)cc4)cc3)cc2)cc1,N#Cc1c(N)nc(Sc2ccc(O)cc2)c(C#N)c1-c1ccc(Cl)cc1,chembl,chembl_scan_386,,,aromatic;ether;primary_amine,aromatic;cyanate_ester;ether;nitrile,氰酸酯-胺共反应。,vae_latent_neighborhood_preserve_complementary_reactive_pair,0.14,0.09270857274532318,0.9881305694580078,5,672,220,aromatic;primary_amine,512,artifacts/reproduce/vae/finetuned_latent_512.pt
195.02246564460987,b,CC(C)(c1ccc(OC#N)cc1)c1ccc(OC#N)cc1,N#COc1ccc(C(F)(F)c2ccc(OC#N)cc2)cc1,literature_template,template_dicyanate_fluoromethylene,cyanate_ester,cyanate_ester,aromatic;cyanate_ester;ether;nitrile,aromatic;ether;primary_amine,氰酸酯-胺共反应。,vae_latent_neighborhood_preserve_complementary_reactive_pair,0.6296296296296297,0.026518726721405983,0.9994586706161499,1,645,105,aromatic;cyanate_ester;ether;nitrile,512,artifacts/reproduce/vae/finetuned_latent_512.pt
195.02246564460987,b,CC(C)(c1ccc(OC#N)cc1)c1ccc(OC#N)cc1,N#COc1ccc(C(=O)c2ccc(OC#N)cc2)cc1,literature_template,template_dicyanate_benzophenone,cyanate_ester,cyanate_ester,aromatic;cyanate_ester;ether;nitrile,aromatic;ether;primary_amine,氰酸酯-胺共反应。,vae_latent_neighborhood_preserve_complementary_reactive_pair,0.4666666666666667,0.07866089046001434,0.9997272491455078,2,645,105,aromatic;cyanate_ester;ether;nitrile,512,artifacts/reproduce/vae/finetuned_latent_512.pt
195.02246564460987,b,CC(C)(c1ccc(OC#N)cc1)c1ccc(OC#N)cc1,N#COc1ccc(S(=O)(=O)c2ccc(OC#N)cc2)cc1,literature_template,template_dicyanate_sulfone_bisphenyl,cyanate_ester,cyanate_ester,aromatic;cyanate_ester;ether;nitrile,aromatic;ether;primary_amine,氰酸酯-胺共反应。,vae_latent_neighborhood_preserve_complementary_reactive_pair,0.4666666666666667,0.08527124673128128,0.999509871006012,3,645,105,aromatic;cyanate_ester;ether;nitrile,512,artifacts/reproduce/vae/finetuned_latent_512.pt
195.02246564460987,b,CC(C)(c1ccc(OC#N)cc1)c1ccc(OC#N)cc1,O=C1C=CC(=O)N1c1ccccc1N1C(=O)C=CC1=O,literature_template,template_bismaleimide_ortho_phenyl,maleimide,maleimide,aromatic;cyanate_ester;ether;nitrile,aromatic;ether;primary_amine,马来酰亚胺-胺 Michael 加成。,vae_latent_neighborhood_preserve_complementary_reactive_pair,0.11428571428571428,0.09744416177272797,0.9939079880714417,4,645,105,aromatic,512,artifacts/reproduce/vae/finetuned_latent_512.pt
195.02246564460987,b,CC(C)(c1ccc(OC#N)cc1)c1ccc(OC#N)cc1,O=C=Nc1ccc(C(F)(F)c2ccc(N=C=O)cc2)cc1,literature_template,template_diisocyanate_fluoro_core,isocyanate,isocyanate,aromatic;cyanate_ester;ether;nitrile,aromatic;ether;primary_amine,异氰酸酯-伯胺形成聚脲。,vae_latent_neighborhood_preserve_complementary_reactive_pair,0.1891891891891892,0.0989547073841095,0.9993316531181335,5,645,105,aromatic,512,artifacts/reproduce/vae/finetuned_latent_512.pt
194.9718692273616,a,CC(C)(c1ccc(OC#N)cc1)c1ccc(OC#N)cc1,N#COc1ccc(C(F)(F)c2ccc(OC#N)cc2)cc1,literature_template,template_dicyanate_fluoromethylene,cyanate_ester,cyanate_ester,aromatic;cyanate_ester;ether;nitrile,aromatic;primary_amine,氰酸酯-胺共反应。,vae_latent_neighborhood_preserve_complementary_reactive_pair,0.6296296296296297,0.026518726721405983,0.9994586706161499,1,645,105,aromatic;cyanate_ester;ether;nitrile,512,artifacts/reproduce/vae/finetuned_latent_512.pt
194.9718692273616,a,CC(C)(c1ccc(OC#N)cc1)c1ccc(OC#N)cc1,N#COc1ccc(C(=O)c2ccc(OC#N)cc2)cc1,literature_template,template_dicyanate_benzophenone,cyanate_ester,cyanate_ester,aromatic;cyanate_ester;ether;nitrile,aromatic;primary_amine,氰酸酯-胺共反应。,vae_latent_neighborhood_preserve_complementary_reactive_pair,0.4666666666666667,0.07866089046001434,0.9997272491455078,2,645,105,aromatic;cyanate_ester;ether;nitrile,512,artifacts/reproduce/vae/finetuned_latent_512.pt
194.9718692273616,a,CC(C)(c1ccc(OC#N)cc1)c1ccc(OC#N)cc1,N#COc1ccc(S(=O)(=O)c2ccc(OC#N)cc2)cc1,literature_template,template_dicyanate_sulfone_bisphenyl,cyanate_ester,cyanate_ester,aromatic;cyanate_ester;ether;nitrile,aromatic;primary_amine,氰酸酯-胺共反应。,vae_latent_neighborhood_preserve_complementary_reactive_pair,0.4666666666666667,0.08527124673128128,0.999509871006012,3,645,105,aromatic;cyanate_ester;ether;nitrile,512,artifacts/reproduce/vae/finetuned_latent_512.pt
194.9718692273616,a,CC(C)(c1ccc(OC#N)cc1)c1ccc(OC#N)cc1,O=C1C=CC(=O)N1c1ccccc1N1C(=O)C=CC1=O,literature_template,template_bismaleimide_ortho_phenyl,maleimide,maleimide,aromatic;cyanate_ester;ether;nitrile,aromatic;primary_amine,马来酰亚胺-胺 Michael 加成。,vae_latent_neighborhood_preserve_complementary_reactive_pair,0.11428571428571428,0.09744416177272797,0.9939079880714417,4,645,105,aromatic,512,artifacts/reproduce/vae/finetuned_latent_512.pt
194.9718692273616,a,CC(C)(c1ccc(OC#N)cc1)c1ccc(OC#N)cc1,O=C=Nc1ccc(C(F)(F)c2ccc(N=C=O)cc2)cc1,literature_template,template_diisocyanate_fluoro_core,isocyanate,isocyanate,aromatic;cyanate_ester;ether;nitrile,aromatic;primary_amine,异氰酸酯-伯胺形成聚脲。,vae_latent_neighborhood_preserve_complementary_reactive_pair,0.1891891891891892,0.0989547073841095,0.9993316531181335,5,645,105,aromatic,512,artifacts/reproduce/vae/finetuned_latent_512.pt
194.9718692273616,b,Nc1ccc(-c2ccc(N)cc2)cc1,Nc1ccc(Oc2ccc(N)cc2)cc1,library,library_21,,,aromatic;primary_amine,aromatic;cyanate_ester;ether;nitrile,氰酸酯-胺共反应。,vae_latent_neighborhood_preserve_complementary_reactive_pair,0.47058823529411764,0.022364147007465363,0.9998103380203247,1,565,220,aromatic;primary_amine,512,artifacts/reproduce/vae/finetuned_latent_512.pt
194.9718692273616,b,Nc1ccc(-c2ccc(N)cc2)cc1,Oc1ccc(Oc2ccc(O)cc2)cc1,library,library_212,,,aromatic;primary_amine,aromatic;cyanate_ester;ether;nitrile,氰酸酯-酚共固化/催化三聚。,vae_latent_neighborhood_preserve_complementary_reactive_pair,0.13636363636363635,0.029740318655967712,0.9996650218963623,2,565,220,aromatic,512,artifacts/reproduce/vae/finetuned_latent_512.pt
194.9718692273616,b,Nc1ccc(-c2ccc(N)cc2)cc1,Nc1ccc(Cc2ccc(N)cc2)cc1,library,library_51,,,aromatic;primary_amine,aromatic;cyanate_ester;ether;nitrile,氰酸酯-胺共反应。,vae_latent_neighborhood_preserve_complementary_reactive_pair,0.47058823529411764,0.033127207309007645,0.9995855093002319,3,565,220,aromatic;primary_amine,512,artifacts/reproduce/vae/finetuned_latent_512.pt
194.9718692273616,b,Nc1ccc(-c2ccc(N)cc2)cc1,Nc1ccc(SSc2ccc(N)cc2)cc1,library,library_60,,,aromatic;primary_amine,aromatic;cyanate_ester;ether;nitrile,氰酸酯-胺共反应。,vae_latent_neighborhood_preserve_complementary_reactive_pair,0.47058823529411764,0.03831147402524948,0.9995198249816895,4,565,220,aromatic;primary_amine,512,artifacts/reproduce/vae/finetuned_latent_512.pt
194.9718692273616,b,Nc1ccc(-c2ccc(N)cc2)cc1,COc1cnc(-c2ccc(O)c(O)c2)o1,chembl,chembl_scan_249,,,aromatic;primary_amine,aromatic;cyanate_ester;ether;nitrile,氰酸酯-酚共固化/催化三聚。,vae_latent_neighborhood_preserve_complementary_reactive_pair,0.13513513513513514,0.06386945396661758,0.9998124837875366,5,565,220,aromatic,512,artifacts/reproduce/vae/finetuned_latent_512.pt
194.97172510691192,a,CCC(CO)(CO)CO,O=C(O)CCC(=O)O,library,library_156,,,hydroxyl,anhydride;aromatic;ester;ether,酸酐-羟基酯化。,vae_latent_neighborhood_preserve_complementary_reactive_pair,0.10526315789473684,0.018223030492663383,0.9999229311943054,1,271,271,hydroxyl,512,artifacts/reproduce/vae/finetuned_latent_512.pt
194.97172510691192,a,CCC(CO)(CO)CO,CC(C)(CO)CO,library,library_89,,,hydroxyl,anhydride;aromatic;ester;ether,酸酐-羟基酯化。,vae_latent_neighborhood_preserve_complementary_reactive_pair,0.375,0.020757261663675308,0.9999099969863892,2,271,271,hydroxyl,512,artifacts/reproduce/vae/finetuned_latent_512.pt
194.97172510691192,a,CCC(CO)(CO)CO,OCC1CCC(CO)CC1,library,library_90,,,hydroxyl,anhydride;aromatic;ester;ether,酸酐-羟基酯化。,vae_latent_neighborhood_preserve_complementary_reactive_pair,0.15,0.023292219266295433,0.9998422861099243,3,271,271,hydroxyl,512,artifacts/reproduce/vae/finetuned_latent_512.pt
194.97172510691192,a,CCC(CO)(CO)CO,O=C(O)CCCC(=O)O,library,library_58,,,hydroxyl,anhydride;aromatic;ester;ether,酸酐-羟基酯化。,vae_latent_neighborhood_preserve_complementary_reactive_pair,0.09523809523809523,0.03257627785205841,0.9998131394386292,4,271,271,hydroxyl,512,artifacts/reproduce/vae/finetuned_latent_512.pt
194.97172510691192,a,CCC(CO)(CO)CO,CC(CO)CO,library,library_86,,,hydroxyl,anhydride;aromatic;ester;ether,酸酐-羟基酯化。,vae_latent_neighborhood_preserve_complementary_reactive_pair,0.2222222222222222,0.04137739911675453,0.9995931386947632,5,271,271,hydroxyl,512,artifacts/reproduce/vae/finetuned_latent_512.pt
194.97172510691192,b,O=C1OC(=O)c2cc(-c3ccc4c(c3)C(=O)OC4=O)ccc21,O=C1OC(=O)c2cc(Cc3ccc4c(c3)C(=O)OC4=O)ccc21,literature_template,template_dianhydride_methylene_bisphenyl,anhydride,anhydride,anhydride;aromatic;ester;ether,hydroxyl,酸酐-羟基酯化。,vae_latent_neighborhood_preserve_complementary_reactive_pair,0.5769230769230769,0.02761276625096798,0.9981064200401306,1,641,77,anhydride;aromatic;ester;ether,512,artifacts/reproduce/vae/finetuned_latent_512.pt
194.97172510691192,b,O=C1OC(=O)c2cc(-c3ccc4c(c3)C(=O)OC4=O)ccc21,O=C1OC(=O)c2cc(Oc3ccc4c(c3)C(=O)OC4=O)ccc21,library,library_143,,,anhydride;aromatic;ester;ether,hydroxyl,酸酐-羟基酯化。,vae_latent_neighborhood_preserve_complementary_reactive_pair,0.5769230769230769,0.033923838287591934,0.9971299767494202,2,641,77,anhydride;aromatic;ester;ether,512,artifacts/reproduce/vae/finetuned_latent_512.pt
194.97172510691192,b,O=C1OC(=O)c2cc(-c3ccc4c(c3)C(=O)OC4=O)ccc21,C(=N/c1ccc(OCC2CO2)cc1)\c1ccc(OCC2CO2)cc1,library,library_103,,,anhydride;aromatic;ester;ether,hydroxyl,环氧-羟基醚化，常需催化剂。,vae_latent_neighborhood_preserve_complementary_reactive_pair,0.0851063829787234,0.09718180447816849,0.9971883893013,3,641,77,aromatic;ether,512,artifacts/reproduce/vae/finetuned_latent_512.pt
194.97172510691192,b,O=C1OC(=O)c2cc(-c3ccc4c(c3)C(=O)OC4=O)ccc21,O=c1cc(-c2ccc(OCC3CO3)cc2)oc2cc(OCC3CO3)ccc12,library,library_118,,,anhydride;aromatic;ester;ether,hydroxyl,环氧-羟基醚化，常需催化剂。,vae_latent_neighborhood_preserve_complementary_reactive_pair,0.1836734693877551,0.0989827811717987,0.9870504140853882,4,641,77,aromatic;ether,512,artifacts/reproduce/vae/finetuned_latent_512.pt
194.97172510691192,b,O=C1OC(=O)c2cc(-c3ccc4c(c3)C(=O)OC4=O)ccc21,CC(C)(c1ccc(OCC2CO2)cc1)c1ccc(OCC2CO2)cc1,library,library_11,,,anhydride;aromatic;ester;ether,hydroxyl,环氧-羟基醚化，常需催化剂。,vae_latent_neighborhood_preserve_complementary_reactive_pair,0.09302325581395349,0.09980455785989761,0.996074914932251,5,641,77,aromatic;ether,512,artifacts/reproduce/vae/finetuned_latent_512.pt
194.9706255175603,a,Nc1ccc(Oc2ccc(-c3ccc(Oc4ccc(N)cc4)cc3)cc2)cc1,O=C1CC(c2ccc(-c3ccccc3)cc2)c2c(ccc3ccccc23)N1,chembl,chembl_scan_57,,,aromatic;ether;primary_amine,anhydride;aromatic;ester;ether,酸酐-胺开环形成酰胺酸。,vae_latent_neighborhood_preserve_complementary_reactive_pair,0.125,0.028826620429754257,0.9974880814552307,1,672,471,aromatic,512,artifacts/reproduce/vae/finetuned_latent_512.pt
194.9706255175603,a,Nc1ccc(Oc2ccc(-c3ccc(Oc4ccc(N)cc4)cc3)cc2)cc1,COc1cc(Nc2ccnc3cc(-c4ccncc4)ccc23)cc(OC)c1OC,chembl,chembl_scan_364,,,aromatic;ether;primary_amine,anhydride;aromatic;ester;ether,酸酐-胺开环形成酰胺酸。,vae_latent_neighborhood_preserve_complementary_reactive_pair,0.1346153846153846,0.04716785252094269,0.9950432777404785,2,672,471,aromatic;ether,512,artifacts/reproduce/vae/finetuned_latent_512.pt
194.9706255175603,a,Nc1ccc(Oc2ccc(-c3ccc(Oc4ccc(N)cc4)cc3)cc2)cc1,CCNC(=O)Nc1nc2cc(-c3cccnc3)cc(-c3cnn(C)c3)n2n1,chembl,chembl_scan_140,,,aromatic;ether;primary_amine,anhydride;aromatic;ester;ether,酸酐-胺开环形成酰胺酸。,vae_latent_neighborhood_preserve_complementary_reactive_pair,0.058823529411764705,0.05336408317089081,0.9964058995246887,3,672,471,aromatic,512,artifacts/reproduce/vae/finetuned_latent_512.pt
194.9706255175603,a,Nc1ccc(Oc2ccc(-c3ccc(Oc4ccc(N)cc4)cc3)cc2)cc1,CC(C)(c1ccc(N)cc1)c1ccc(C(C)(C)c2ccc(N)cc2)cc1,library,library_151,,,aromatic;ether;primary_amine,anhydride;aromatic;ester;ether,酸酐-胺形成聚酰胺酸/聚酰亚胺前体。,vae_latent_neighborhood_preserve_complementary_reactive_pair,0.32,0.06779678910970688,0.9969097375869751,4,672,471,aromatic;primary_amine,512,artifacts/reproduce/vae/finetuned_latent_512.pt
194.9706255175603,a,Nc1ccc(Oc2ccc(-c3ccc(Oc4ccc(N)cc4)cc3)cc2)cc1,Oc1ccc(/N=C(/Cc2ccc(Cl)cc2)c2ccc(O)c(O)c2O)cc1,chembl,chembl_scan_19,,,aromatic;ether;primary_amine,anhydride;aromatic;ester;ether,酸酐-酚羟基酯化。,vae_latent_neighborhood_preserve_complementary_reactive_pair,0.0625,0.07575271278619766,0.9965035319328308,5,672,471,aromatic,512,artifacts/reproduce/vae/finetuned_latent_512.pt
194.9706255175603,b,O=C1OC(=O)c2cc(-c3ccc4c(c3)C(=O)OC4=O)ccc21,O=C1OC(=O)c2cc(Cc3ccc4c(c3)C(=O)OC4=O)ccc21,literature_template,template_dianhydride_methylene_bisphenyl,anhydride,anhydride,anhydride;aromatic;ester;ether,aromatic;ether;primary_amine,酸酐-胺形成聚酰胺酸/聚酰亚胺前体。,vae_latent_neighborhood_preserve_complementary_reactive_pair,0.5769230769230769,0.02761276625096798,0.9981064200401306,1,641,105,anhydride;aromatic;ester;ether,512,artifacts/reproduce/vae/finetuned_latent_512.pt
194.9706255175603,b,O=C1OC(=O)c2cc(-c3ccc4c(c3)C(=O)OC4=O)ccc21,O=C1OC(=O)c2cc(Oc3ccc4c(c3)C(=O)OC4=O)ccc21,library,library_143,,,anhydride;aromatic;ester;ether,aromatic;ether;primary_amine,酸酐-胺形成聚酰胺酸/聚酰亚胺前体。,vae_latent_neighborhood_preserve_complementary_reactive_pair,0.5769230769230769,0.033923838287591934,0.9971299767494202,2,641,105,anhydride;aromatic;ester;ether,512,artifacts/reproduce/vae/finetuned_latent_512.pt
194.9706255175603,b,O=C1OC(=O)c2cc(-c3ccc4c(c3)C(=O)OC4=O)ccc21,C(=N/c1ccc(OCC2CO2)cc1)\c1ccc(OCC2CO2)cc1,library,library_103,,,anhydride;aromatic;ester;ether,aromatic;ether;primary_amine,环氧-伯胺开环固化。,vae_latent_neighborhood_preserve_complementary_reactive_pair,0.0851063829787234,0.09718180447816849,0.9971883893013,3,641,105,aromatic;ether,512,artifacts/reproduce/vae/finetuned_latent_512.pt
194.9706255175603,b,O=C1OC(=O)c2cc(-c3ccc4c(c3)C(=O)OC4=O)ccc21,O=c1cc(-c2ccc(OCC3CO3)cc2)oc2cc(OCC3CO3)ccc12,library,library_118,,,anhydride;aromatic;ester;ether,aromatic;ether;primary_amine,环氧-伯胺开环固化。,vae_latent_neighborhood_preserve_complementary_reactive_pair,0.1836734693877551,0.0989827811717987,0.9870504140853882,4,641,105,aromatic;ether,512,artifacts/reproduce/vae/finetuned_latent_512.pt
194.9706255175603,b,O=C1OC(=O)c2cc(-c3ccc4c(c3)C(=O)OC4=O)ccc21,CC(C)(c1ccc(OCC2CO2)cc1)c1ccc(OCC2CO2)cc1,library,library_11,,,anhydride;aromatic;ester;ether,aromatic;ether;primary_amine,环氧-伯胺开环固化。,vae_latent_neighborhood_preserve_complementary_reactive_pair,0.09302325581395349,0.09980455785989761,0.996074914932251,5,641,105,aromatic;ether,512,artifacts/reproduce/vae/finetuned_latent_512.pt
194.9680933755005,a,Nc1ccc(Cc2ccc(N)cc2)cc1,Oc1ccc(Oc2ccc(O)cc2)cc1,library,library_212,,,aromatic;primary_amine,aromatic;epoxy;ester;ether,环氧-羟基醚化，常需催化剂。,vae_latent_neighborhood_preserve_complementary_reactive_pair,0.12,0.011011920869350433,0.999954104423523,1,565,385,aromatic,512,artifacts/reproduce/vae/finetuned_latent_512.pt
194.9680933755005,a,Nc1ccc(Cc2ccc(N)cc2)cc1,Nc1ccc(Oc2ccc(N)cc2)cc1,library,library_21,,,aromatic;primary_amine,aromatic;epoxy;ester;ether,环氧-伯胺开环固化。,vae_latent_neighborhood_preserve_complementary_reactive_pair,0.4,0.013792738318443298,0.99992835521698,2,565,385,aromatic;primary_amine,512,artifacts/reproduce/vae/finetuned_latent_512.pt
194.9680933755005,a,Nc1ccc(Cc2ccc(N)cc2)cc1,Nc1ccc(SSc2ccc(N)cc2)cc1,library,library_60,,,aromatic;primary_amine,aromatic;epoxy;ester;ether,环氧-伯胺开环固化。,vae_latent_neighborhood_preserve_complementary_reactive_pair,0.4,0.02262134477496147,0.9998576641082764,3,565,385,aromatic;primary_amine,512,artifacts/reproduce/vae/finetuned_latent_512.pt
194.9680933755005,a,Nc1ccc(Cc2ccc(N)cc2)cc1,Nc1ccc(-c2ccc(N)cc2)cc1,library,library_150,,,aromatic;primary_amine,aromatic;epoxy;ester;ether,环氧-伯胺开环固化。,vae_latent_neighborhood_preserve_complementary_reactive_pair,0.47058823529411764,0.033127207309007645,0.9995855093002319,4,565,385,aromatic;primary_amine,512,artifacts/reproduce/vae/finetuned_latent_512.pt
194.9680933755005,a,Nc1ccc(Cc2ccc(N)cc2)cc1,CNc1nc2sc(SC)nc2c2c1ncn2C,chembl,chembl_scan_36,,,aromatic;primary_amine,aromatic;epoxy;ester;ether,环氧-仲胺开环固化。,vae_latent_neighborhood_preserve_complementary_reactive_pair,0.0625,0.03328901156783104,0.9997109770774841,5,565,385,aromatic,512,artifacts/reproduce/vae/finetuned_latent_512.pt
194.9680933755005,b,COc1ccc(OCC2CO2)c(CCC(=O)OCCCCOC(=O)CCc2ccc(OCC3CO3)c(OC)c2)c1,COc1ccc(OCC2CO2)c(CCCC(=O)OCCCOC(=O)CCc2ccc(OCC3CO3)c(OC)c2)c1,library,library_130,,,aromatic;epoxy;ester;ether,aromatic;primary_amine,环氧-伯胺开环固化。,vae_latent_neighborhood_preserve_complementary_reactive_pair,0.896551724137931,0.00641300855204463,0.9999734163284302,1,641,105,aromatic;epoxy;ester;ether,512,artifacts/reproduce/vae/finetuned_latent_512.pt
194.9680933755005,b,COc1ccc(OCC2CO2)c(CCC(=O)OCCCCOC(=O)CCc2ccc(OCC3CO3)c(OC)c2)c1,COc1ccc(OCC2CO2)c(CCCC(=O)OCCCCOC(=O)CCc2ccc(OCC3CO3)c(OC)c2)c1,library,library_131,,,aromatic;epoxy;ester;ether,aromatic;primary_amine,环氧-伯胺开环固化。,vae_latent_neighborhood_preserve_complementary_reactive_pair,0.9298245614035088,0.045432645827531815,0.9992145299911499,2,641,105,aromatic;epoxy;ester;ether,512,artifacts/reproduce/vae/finetuned_latent_512.pt
194.9680933755005,b,COc1ccc(OCC2CO2)c(CCC(=O)OCCCCOC(=O)CCc2ccc(OCC3CO3)c(OC)c2)c1,COc1ccc(OCC2CO2)c(CCCC(=O)OCCOC(=O)CCc2ccc(OCC3CO3)c(OC)c2)c1,library,library_128,,,aromatic;epoxy;ester;ether,aromatic;primary_amine,环氧-伯胺开环固化。,vae_latent_neighborhood_preserve_complementary_reactive_pair,0.8947368421052632,0.07166019827127457,0.9982300400733948,3,641,105,aromatic;epoxy;ester;ether,512,artifacts/reproduce/vae/finetuned_latent_512.pt
194.9680933755005,b,COc1ccc(OCC2CO2)c(CCC(=O)OCCCCOC(=O)CCc2ccc(OCC3CO3)c(OC)c2)c1,O=C(Oc1cccc(OC(=O)c2ccc(OCCOCC3CO3)cc2)c1)c1ccc(OCCOCC2CO2)cc1,library,library_149,,,aromatic;epoxy;ester;ether,aromatic;primary_amine,环氧-伯胺开环固化。,vae_latent_neighborhood_preserve_complementary_reactive_pair,0.3194444444444444,0.07250308245420456,0.9975126385688782,4,641,105,aromatic;epoxy;ester;ether,512,artifacts/reproduce/vae/finetuned_latent_512.pt
194.9680933755005,b,COc1ccc(OCC2CO2)c(CCC(=O)OCCCCOC(=O)CCc2ccc(OCC3CO3)c(OC)c2)c1,COc1cc(CC2CO2)ccc1OP(=O)(Oc1ccc(CC2CO2)cc1OC)Oc1ccc(CC2CO2)cc1OC,library,library_102,,,aromatic;epoxy;ester;ether,aromatic;primary_amine,环氧-伯胺开环固化。,vae_latent_neighborhood_preserve_complementary_reactive_pair,0.390625,0.08610992133617401,0.9929208159446716,5,641,105,aromatic;epoxy;ether,512,artifacts/reproduce/vae/finetuned_latent_512.pt
195.03353555451383,a,Cc1cc(-c2cc(C)c(OCC3CO3)c(C)c2)c(C)cc1OCC1CO1,O=c1cc(-c2ccc(OCC3CO3)cc2)oc2cc(OCC3CO3)ccc12,library,library_118,,,aromatic;epoxy;ether,aromatic;ether;primary_amine,环氧-伯胺开环固化。,vae_latent_neighborhood_preserve_complementary_reactive_pair,0.30357142857142855,0.024900183081626892,0.9978113174438477,1,641,105,aromatic;epoxy;ether,512,artifacts/reproduce/vae/finetuned_latent_512.pt
195.03353555451383,a,Cc1cc(-c2cc(C)c(OCC3CO3)c(C)c2)c(C)cc1OCC1CO1,C=CCc1ccc(OCC2CO2)c(-c2cc(CC=C)ccc2OCC2CO2)c1,library,library_101,,,aromatic;epoxy;ether,aromatic;ether;primary_amine,环氧-伯胺开环固化。,vae_latent_neighborhood_preserve_complementary_reactive_pair,0.3877551020408163,0.05766841769218445,0.9888268113136292,2,641,105,aromatic;epoxy;ether,512,artifacts/reproduce/vae/finetuned_latent_512.pt
195.03353555451383,a,Cc1cc(-c2cc(C)c(OCC3CO3)c(C)c2)c(C)cc1OCC1CO1,O=C1OC(=O)c2cc(Oc3ccc4c(c3)C(=O)OC4=O)ccc21,library,library_143,,,aromatic;epoxy;ether,aromatic;ether;primary_amine,酸酐-胺形成聚酰胺酸/聚酰亚胺前体。,vae_latent_neighborhood_preserve_complementary_reactive_pair,0.12,0.09082694351673126,0.9932869672775269,3,641,105,aromatic;ether,512,artifacts/reproduce/vae/finetuned_latent_512.pt
195.03353555451383,a,Cc1cc(-c2cc(C)c(OCC3CO3)c(C)c2)c(C)cc1OCC1CO1,O=C1OC(=O)c2cc(Cc3ccc4c(c3)C(=O)OC4=O)ccc21,literature_template,template_dianhydride_methylene_bisphenyl,anhydride,anhydride,aromatic;epoxy;ether,aromatic;ether;primary_amine,酸酐-胺形成聚酰胺酸/聚酰亚胺前体。,vae_latent_neighborhood_preserve_complementary_reactive_pair,0.12,0.0909530520439148,0.991907000541687,4,641,105,aromatic;ether,512,artifacts/reproduce/vae/finetuned_latent_512.pt
195.03353555451383,a,Cc1cc(-c2cc(C)c(OCC3CO3)c(C)c2)c(C)cc1OCC1CO1,c1ccc(C(c2ccc(OCC3CO3)cc2)c2ccc(OCC3CO3)cc2)cc1,generated,generated_diepoxy_bpf,,,aromatic;epoxy;ether,aromatic;ether;primary_amine,环氧-伯胺开环固化。,vae_latent_neighborhood_preserve_complementary_reactive_pair,0.30612244897959184,0.10287263244390488,0.9853600859642029,5,641,105,aromatic;epoxy;ether,512,artifacts/reproduce/vae/finetuned_latent_512.pt
195.03353555451383,b,Nc1ccc(Oc2ccc(-c3ccc(Oc4ccc(N)cc4)cc3)cc2)cc1,O=C1CC(c2ccc(-c3ccccc3)cc2)c2c(ccc3ccccc23)N1,chembl,chembl_scan_57,,,aromatic;ether;primary_amine,aromatic;epoxy;ether,环氧-仲胺开环固化。,vae_latent_neighborhood_preserve_complementary_reactive_pair,0.125,0.028826620429754257,0.9974880814552307,1,672,447,aromatic,512,artifacts/reproduce/vae/finetuned_latent_512.pt
195.03353555451383,b,Nc1ccc(Oc2ccc(-c3ccc(Oc4ccc(N)cc4)cc3)cc2)cc1,COc1cc(Nc2ccnc3cc(-c4ccncc4)ccc23)cc(OC)c1OC,chembl,chembl_scan_364,,,aromatic;ether;primary_amine,aromatic;epoxy;ether,环氧-仲胺开环固化。,vae_latent_neighborhood_preserve_complementary_reactive_pair,0.1346153846153846,0.04716785252094269,0.9950432777404785,2,672,447,aromatic;ether,512,artifacts/reproduce/vae/finetuned_latent_512.pt
195.03353555451383,b,Nc1ccc(Oc2ccc(-c3ccc(Oc4ccc(N)cc4)cc3)cc2)cc1,CCNC(=O)Nc1nc2cc(-c3cccnc3)cc(-c3cnn(C)c3)n2n1,chembl,chembl_scan_140,,,aromatic;ether;primary_amine,aromatic;epoxy;ether,环氧-仲胺开环固化。,vae_latent_neighborhood_preserve_complementary_reactive_pair,0.058823529411764705,0.05336408317089081,0.9964058995246887,3,672,447,aromatic,512,artifacts/reproduce/vae/finetuned_latent_512.pt
195.03353555451383,b,Nc1ccc(Oc2ccc(-c3ccc(Oc4ccc(N)cc4)cc3)cc2)cc1,CC(C)(c1ccc(N)cc1)c1ccc(C(C)(C)c2ccc(N)cc2)cc1,library,library_151,,,aromatic;ether;primary_amine,aromatic;epoxy;ether,环氧-伯胺开环固化。,vae_latent_neighborhood_preserve_complementary_reactive_pair,0.32,0.06779678910970688,0.9969097375869751,4,672,447,aromatic;primary_amine,512,artifacts/reproduce/vae/finetuned_latent_512.pt
195.03353555451383,b,Nc1ccc(Oc2ccc(-c3ccc(Oc4ccc(N)cc4)cc3)cc2)cc1,Oc1ccc(/N=C(/Cc2ccc(Cl)cc2)c2ccc(O)c(O)c2O)cc1,chembl,chembl_scan_19,,,aromatic;ether;primary_amine,aromatic;epoxy;ether,环氧-羟基醚化，常需催化剂。,vae_latent_neighborhood_preserve_complementary_reactive_pair,0.0625,0.07575271278619766,0.9965035319328308,5,672,447,aromatic,512,artifacts/reproduce/vae/finetuned_latent_512.pt
194.96602828161116,a,O=C=Nc1ccc(Cc2ccc(N=C=O)cc2)cc1,O=C=Nc1ccc(Oc2ccc(N=C=O)cc2)cc1,literature_template,template_diisocyanate_ether_bisphenyl,isocyanate,isocyanate,aromatic;isocyanate,primary_amine,异氰酸酯-伯胺形成聚脲。,vae_latent_neighborhood_preserve_complementary_reactive_pair,0.5384615384615384,0.009189753793179989,0.9999530911445618,1,511,91,aromatic;isocyanate,512,artifacts/reproduce/vae/finetuned_latent_512.pt
194.96602828161116,a,O=C=Nc1ccc(Cc2ccc(N=C=O)cc2)cc1,N#COc1ccc(C(=O)c2ccc(OC#N)cc2)cc1,literature_template,template_dicyanate_benzophenone,cyanate_ester,cyanate_ester,aromatic;isocyanate,primary_amine,氰酸酯-胺共反应。,vae_latent_neighborhood_preserve_complementary_reactive_pair,0.13513513513513514,0.05498438701033592,0.9995216131210327,2,511,91,aromatic,512,artifacts/reproduce/vae/finetuned_latent_512.pt
194.96602828161116,a,O=C=Nc1ccc(Cc2ccc(N=C=O)cc2)cc1,c1cc(N(CC2CO2)CC2CO2)ccc1OCC1CO1,library,library_54,,,aromatic;isocyanate,primary_amine,环氧-伯胺开环固化。,vae_latent_neighborhood_preserve_complementary_reactive_pair,0.08888888888888889,0.06410957127809525,0.9977294206619263,3,511,91,aromatic,512,artifacts/reproduce/vae/finetuned_latent_512.pt
194.96602828161116,a,O=C=Nc1ccc(Cc2ccc(N=C=O)cc2)cc1,N#COc1ccc(Cc2ccc(OC#N)cc2)cc1,literature_template,template_dicyanate_methylene_bisphenyl,cyanate_ester,cyanate_ester,aromatic;isocyanate,primary_amine,氰酸酯-胺共反应。,vae_latent_neighborhood_preserve_complementary_reactive_pair,0.3333333333333333,0.08441527932882309,0.9994499087333679,4,511,91,aromatic,512,artifacts/reproduce/vae/finetuned_latent_512.pt
194.96602828161116,a,O=C=Nc1ccc(Cc2ccc(N=C=O)cc2)cc1,N#COc1ccc(Oc2ccc(OC#N)cc2)cc1,literature_template,template_dicyanate_ether_bisphenyl,cyanate_ester,cyanate_ester,aromatic;isocyanate,primary_amine,氰酸酯-胺共反应。,vae_latent_neighborhood_preserve_complementary_reactive_pair,0.12121212121212122,0.08738632500171661,0.9993186593055725,5,511,91,aromatic,512,artifacts/reproduce/vae/finetuned_latent_512.pt
194.96602828161116,b,CC1(C)CC(CN)CC(C)(N)C1,CC1(C)CC(N)CC(C)(CN)C1,library,library_114,,,primary_amine,aromatic;isocyanate,异氰酸酯-伯胺形成聚脲。,vae_latent_neighborhood_preserve_complementary_reactive_pair,0.375,0.005642812233418226,0.9999881982803345,1,146,146,primary_amine,512,artifacts/reproduce/vae/finetuned_latent_512.pt
194.96602828161116,b,CC1(C)CC(CN)CC(C)(N)C1,CC1(C)CC(N)CC(C)(C)C1CN,library,library_129,,,primary_amine,aromatic;isocyanate,异氰酸酯-伯胺形成聚脲。,vae_latent_neighborhood_preserve_complementary_reactive_pair,0.3225806451612903,0.012455807067453861,0.9999551773071289,2,146,146,primary_amine,512,artifacts/reproduce/vae/finetuned_latent_512.pt
194.96602828161116,b,CC1(C)CC(CN)CC(C)(N)C1,CC1(C)CC(CN)CC(CN)C1,library,library_119,,,primary_amine,aromatic;isocyanate,异氰酸酯-伯胺形成聚脲。,vae_latent_neighborhood_preserve_complementary_reactive_pair,0.5384615384615384,0.03264769911766052,0.9998571872711182,3,146,146,primary_amine,512,artifacts/reproduce/vae/finetuned_latent_512.pt
194.96602828161116,b,CC1(C)CC(CN)CC(C)(N)C1,CC(C)P(=O)(O)C1=CCC(N)C1,chembl,chembl_scan_299,,,primary_amine,aromatic;isocyanate,异氰酸酯-伯胺形成聚脲。,vae_latent_neighborhood_preserve_complementary_reactive_pair,0.08695652173913043,0.03691790997982025,0.9997308850288391,4,146,146,primary_amine,512,artifacts/reproduce/vae/finetuned_latent_512.pt
194.96602828161116,b,CC1(C)CC(CN)CC(C)(N)C1,CC(C)(c1occc1CN)c1occc1CN,library,library_134,,,primary_amine,aromatic;isocyanate,异氰酸酯-伯胺形成聚脲。,vae_latent_neighborhood_preserve_complementary_reactive_pair,0.0975609756097561,0.0425068736076355,0.99929279088974,5,146,146,primary_amine,512,artifacts/reproduce/vae/finetuned_latent_512.pt
194.95952419286985,a,CC(C)(COCC1CO1)COCC1CO1,CC1CCC2C(=O)OC(=O)C2C1,library,library_125,,,epoxy;ether,aromatic;ether;primary_amine,酸酐-胺形成聚酰胺酸/聚酰亚胺前体。,vae_latent_neighborhood_preserve_complementary_reactive_pair,0.10256410256410256,0.039082322269678116,0.9993932247161865,1,423,84,ether,512,artifacts/reproduce/vae/finetuned_latent_512.pt
194.95952419286985,a,CC(C)(COCC1CO1)COCC1CO1,CC12CCCCC1C(=O)OC2=O,library,library_153,,,epoxy;ether,aromatic;ether;primary_amine,酸酐-胺形成聚酰胺酸/聚酰亚胺前体。,vae_latent_neighborhood_preserve_complementary_reactive_pair,0.12195121951219512,0.04193601384758949,0.9996920824050903,2,423,84,ether,512,artifacts/reproduce/vae/finetuned_latent_512.pt
194.95952419286985,a,CC(C)(COCC1CO1)COCC1CO1,COc1cc(COCC2CO2)ccc1OCC1CO1,library,library_113,,,epoxy;ether,aromatic;ether;primary_amine,环氧-伯胺开环固化。,vae_latent_neighborhood_preserve_complementary_reactive_pair,0.3333333333333333,0.06919637322425842,0.999552845954895,3,423,84,epoxy;ether,512,artifacts/reproduce/vae/finetuned_latent_512.pt
194.95952419286985,a,CC(C)(COCC1CO1)COCC1CO1,O=C1OC(=O)C2CCCCC12,library,library_62,,,epoxy;ether,aromatic;ether;primary_amine,酸酐-胺形成聚酰胺酸/聚酰亚胺前体。,vae_latent_neighborhood_preserve_complementary_reactive_pair,0.08823529411764706,0.07127442955970764,0.9988530874252319,4,423,84,ether,512,artifacts/reproduce/vae/finetuned_latent_512.pt
194.95952419286985,a,CC(C)(COCC1CO1)COCC1CO1,Cc1ccc(OC#N)cc1OC#N,literature_template,template_dicyanate_dimethyl_phenyl,cyanate_ester,cyanate_ester,epoxy;ether,aromatic;ether;primary_amine,氰酸酯-胺共反应。,vae_latent_neighborhood_preserve_complementary_reactive_pair,0.07142857142857142,0.07959216833114624,0.9991061687469482,5,423,84,ether,512,artifacts/reproduce/vae/finetuned_latent_512.pt
194.95952419286985,b,Nc1ccc(Oc2ccc(-c3ccc(Oc4ccc(N)cc4)cc3)cc2)cc1,O=C1CC(c2ccc(-c3ccccc3)cc2)c2c(ccc3ccccc23)N1,chembl,chembl_scan_57,,,aromatic;ether;primary_amine,epoxy;ether,环氧-仲胺开环固化。,vae_latent_neighborhood_preserve_complementary_reactive_pair,0.125,0.028826620429754257,0.9974880814552307,1,672,447,aromatic,512,artifacts/reproduce/vae/finetuned_latent_512.pt
194.95952419286985,b,Nc1ccc(Oc2ccc(-c3ccc(Oc4ccc(N)cc4)cc3)cc2)cc1,COc1cc(Nc2ccnc3cc(-c4ccncc4)ccc23)cc(OC)c1OC,chembl,chembl_scan_364,,,aromatic;ether;primary_amine,epoxy;ether,环氧-仲胺开环固化。,vae_latent_neighborhood_preserve_complementary_reactive_pair,0.1346153846153846,0.04716785252094269,0.9950432777404785,2,672,447,aromatic;ether,512,artifacts/reproduce/vae/finetuned_latent_512.pt
194.95952419286985,b,Nc1ccc(Oc2ccc(-c3ccc(Oc4ccc(N)cc4)cc3)cc2)cc1,CCNC(=O)Nc1nc2cc(-c3cccnc3)cc(-c3cnn(C)c3)n2n1,chembl,chembl_scan_140,,,aromatic;ether;primary_amine,epoxy;ether,环氧-仲胺开环固化。,vae_latent_neighborhood_preserve_complementary_reactive_pair,0.058823529411764705,0.05336408317089081,0.9964058995246887,3,672,447,aromatic,512,artifacts/reproduce/vae/finetuned_latent_512.pt
194.95952419286985,b,Nc1ccc(Oc2ccc(-c3ccc(Oc4ccc(N)cc4)cc3)cc2)cc1,CC(C)(c1ccc(N)cc1)c1ccc(C(C)(C)c2ccc(N)cc2)cc1,library,library_151,,,aromatic;ether;primary_amine,epoxy;ether,环氧-伯胺开环固化。,vae_latent_neighborhood_preserve_complementary_reactive_pair,0.32,0.06779678910970688,0.9969097375869751,4,672,447,aromatic;primary_amine,512,artifacts/reproduce/vae/finetuned_latent_512.pt
194.95952419286985,b,Nc1ccc(Oc2ccc(-c3ccc(Oc4ccc(N)cc4)cc3)cc2)cc1,Oc1ccc(/N=C(/Cc2ccc(Cl)cc2)c2ccc(O)c(O)c2O)cc1,chembl,chembl_scan_19,,,aromatic;ether;primary_amine,epoxy;ether,环氧-羟基醚化，常需催化剂。,vae_latent_neighborhood_preserve_complementary_reactive_pair,0.0625,0.07575271278619766,0.9965035319328308,5,672,447,aromatic,512,artifacts/reproduce/vae/finetuned_latent_512.pt
194.95941713278893,a,CC(C)(C1CCC(OCC2CO2)CC1)C1CCC(OCC2CO2)CC1,CC(C)(c1ccc(OCC2CO2)cc1)c1ccc(OCC2CO2)cc1,library,library_11,,,epoxy;ether,aromatic;ether;hydroxyl;phenol,环氧-羟基醚化，常需催化剂。,vae_latent_neighborhood_preserve_complementary_reactive_pair,0.35,0.09692008793354034,0.9844063520431519,1,423,82,epoxy;ether,512,artifacts/reproduce/vae/finetuned_latent_512.pt
194.95941713278893,a,CC(C)(C1CCC(OCC2CO2)CC1)C1CCC(OCC2CO2)CC1,O=C1OC(=O)c2cc(Oc3ccc4c(c3)C(=O)OC4=O)ccc21,library,library_143,,,epoxy;ether,aromatic;ether;hydroxyl;phenol,酸酐-羟基酯化。,vae_latent_neighborhood_preserve_complementary_reactive_pair,0.043478260869565216,0.10246675461530685,0.9849212169647217,2,423,82,ether,512,artifacts/reproduce/vae/finetuned_latent_512.pt
194.95941713278893,a,CC(C)(C1CCC(OCC2CO2)CC1)C1CCC(OCC2CO2)CC1,COc1cc(/C=N/c2ccc(OCC3CO3)cc2)ccc1OCC1CO1,library,library_104,,,epoxy;ether,aromatic;ether;hydroxyl;phenol,环氧-羟基醚化，常需催化剂。,vae_latent_neighborhood_preserve_complementary_reactive_pair,0.21052631578947367,0.1024673655629158,0.9851608872413635,3,423,82,epoxy;ether,512,artifacts/reproduce/vae/finetuned_latent_512.pt
194.95941713278893,a,CC(C)(C1CCC(OCC2CO2)CC1)C1CCC(OCC2CO2)CC1,C(=N/c1ccc(OCC2CO2)cc1)\c1ccc(OCC2CO2)cc1,library,library_103,,,epoxy;ether,aromatic;ether;hydroxyl;phenol,环氧-羟基醚化，常需催化剂。,vae_latent_neighborhood_preserve_complementary_reactive_pair,0.23404255319148937,0.10786502063274384,0.9803189039230347,4,423,82,epoxy;ether,512,artifacts/reproduce/vae/finetuned_latent_512.pt
194.95941713278893,a,CC(C)(C1CCC(OCC2CO2)CC1)C1CCC(OCC2CO2)CC1,O=C1OC(=O)c2cc(Cc3ccc4c(c3)C(=O)OC4=O)ccc21,literature_template,template_dianhydride_methylene_bisphenyl,anhydride,anhydride,epoxy;ether,aromatic;ether;hydroxyl;phenol,酸酐-羟基酯化。,vae_latent_neighborhood_preserve_complementary_reactive_pair,0.043478260869565216,0.10830983519554138,0.9828524589538574,5,423,82,ether,512,artifacts/reproduce/vae/finetuned_latent_512.pt
194.95941713278893,b,O=c1cc(-c2ccc3c(c2)CN(Cc2ccco2)CO3)c2c3c(c(O)cc2o1)CN(Cc1ccco1)CO3,COCCOc1ccc(N2CCN(Cc3cccc(-c4cc5nc(-c6ccco6)nn5c(N)n4)c3)CC2)c(Cl)c1,chembl,chembl_scan_101,,,aromatic;ether;hydroxyl;phenol,epoxy;ether,环氧-伯胺开环固化。,vae_latent_neighborhood_preserve_complementary_reactive_pair,0.13793103448275862,0.05590076372027397,0.9956847429275513,1,667,442,aromatic;ether,512,artifacts/reproduce/vae/finetuned_latent_512.pt
194.95941713278893,b,O=c1cc(-c2ccc3c(c2)CN(Cc2ccco2)CO3)c2c3c(c(O)cc2o1)CN(Cc1ccco1)CO3,N=C(N)N1CCC[C@H]1Cc1nc(-c2ccc(Nc3nc(-c4cc(C(F)(F)F)ccc4F)cs3)cc2)no1,chembl,chembl_scan_81,,,aromatic;ether;hydroxyl;phenol,epoxy;ether,环氧-伯胺开环固化。,vae_latent_neighborhood_preserve_complementary_reactive_pair,0.1,0.05655384808778763,0.9964887499809265,2,667,442,aromatic,512,artifacts/reproduce/vae/finetuned_latent_512.pt
194.95941713278893,b,O=c1cc(-c2ccc3c(c2)CN(Cc2ccco2)CO3)c2c3c(c(O)cc2o1)CN(Cc1ccco1)CO3,COC(C)(C)CCn1nc(Nc2c(Cl)cccc2Cl)c2cnc(Nc3ccc(OCCN4CCCC4)c(F)c3)nc21,chembl,chembl_scan_401,,,aromatic;ether;hydroxyl;phenol,epoxy;ether,环氧-仲胺开环固化。,vae_latent_neighborhood_preserve_complementary_reactive_pair,0.09917355371900827,0.09273586422204971,0.9938530921936035,3,667,442,aromatic;ether,512,artifacts/reproduce/vae/finetuned_latent_512.pt
194.95941713278893,b,O=c1cc(-c2ccc3c(c2)CN(Cc2ccco2)CO3)c2c3c(c(O)cc2o1)CN(Cc1ccco1)CO3,N#Cc1ccc2cc1Oc1cccc(c1)C(c1cccc(Cl)c1)N1CC[C@@H](NCc3cncn3C2)C1=O,chembl,chembl_scan_241,,,aromatic;ether;hydroxyl;phenol,epoxy;ether,环氧-仲胺开环固化。,vae_latent_neighborhood_preserve_complementary_reactive_pair,0.14035087719298245,0.10319945216178894,0.9843683838844299,4,667,442,aromatic;ether,512,artifacts/reproduce/vae/finetuned_latent_512.pt
194.95941713278893,b,O=c1cc(-c2ccc3c(c2)CN(Cc2ccco2)CO3)c2c3c(c(O)cc2o1)CN(Cc1ccco1)CO3,C[C@H](CCCn1nnc(-c2ccccc2)n1)N(c1cc(Cl)ccc1CO)S(=O)(=O)c1ccc(Cl)cc1,chembl,chembl_scan_114,,,aromatic;ether;hydroxyl;phenol,epoxy;ether,环氧-羟基醚化，常需催化剂。,vae_latent_neighborhood_preserve_complementary_reactive_pair,0.12149532710280374,0.10329240560531616,0.9898781180381775,5,667,442,aromatic;hydroxyl,512,artifacts/reproduce/vae/finetuned_latent_512.pt
194.9569816362589,a,O=C=NC1CCC(CC2CCC(N=C=O)CC2)CC1,CC1(C)CC(N=C=O)CC(C)(N=C=O)C1,library,library_95,,,isocyanate,aromatic;primary_amine,异氰酸酯-伯胺形成聚脲。,vae_latent_neighborhood_preserve_complementary_reactive_pair,0.3055555555555556,0.07841315120458603,0.9996345043182373,1,15,15,isocyanate,512,artifacts/reproduce/vae/finetuned_latent_512.pt
194.9569816362589,a,O=C=NC1CCC(CC2CCC(N=C=O)CC2)CC1,O=C=Nc1ccc(Cc2ccc(N=C=O)cc2)cc1,library,library_69,,,isocyanate,aromatic;primary_amine,异氰酸酯-伯胺形成聚脲。,vae_latent_neighborhood_preserve_complementary_reactive_pair,0.17647058823529413,0.097007617354393,0.9952433705329895,2,15,15,isocyanate,512,artifacts/reproduce/vae/finetuned_latent_512.pt
194.9569816362589,a,O=C=NC1CCC(CC2CCC(N=C=O)CC2)CC1,O=C=Nc1ccc(Oc2ccc(N=C=O)cc2)cc1,literature_template,template_diisocyanate_ether_bisphenyl,isocyanate,isocyanate,isocyanate,aromatic;primary_amine,异氰酸酯-伯胺形成聚脲。,vae_latent_neighborhood_preserve_complementary_reactive_pair,0.14285714285714285,0.10238844156265259,0.9946994781494141,3,15,15,isocyanate,512,artifacts/reproduce/vae/finetuned_latent_512.pt
194.9569816362589,a,O=C=NC1CCC(CC2CCC(N=C=O)CC2)CC1,CC(C)(C)c1cc(N=C=O)ccc1N=C=O,literature_template,template_diisocyanate_tbutyl_phenyl,isocyanate,isocyanate,isocyanate,aromatic;primary_amine,异氰酸酯-伯胺形成聚脲。,vae_latent_neighborhood_preserve_complementary_reactive_pair,0.11904761904761904,0.15563590824604034,0.9987260103225708,4,15,15,isocyanate,512,artifacts/reproduce/vae/finetuned_latent_512.pt
194.9569816362589,a,O=C=NC1CCC(CC2CCC(N=C=O)CC2)CC1,CC(C)(CCC(C)(C)N=C=O)CN=C=O,library,library_84,,,isocyanate,aromatic;primary_amine,异氰酸酯-伯胺形成聚脲。,vae_latent_neighborhood_preserve_complementary_reactive_pair,0.15789473684210525,0.15774944424629211,0.9991156458854675,5,15,15,isocyanate,512,artifacts/reproduce/vae/finetuned_latent_512.pt
194.9569816362589,b,Nc1ccc(-c2nc3ccc(N)cc3[nH]2)cc1,COCCn1cnc2c(O)nc(Nc3ccccc3)nc21,chembl,chembl_scan_365,,,aromatic;primary_amine,isocyanate,异氰酸酯-羟基形成聚氨酯。,vae_latent_neighborhood_preserve_complementary_reactive_pair,0.07692307692307693,0.028212975710630417,0.9996470212936401,1,565,375,aromatic,512,artifacts/reproduce/vae/finetuned_latent_512.pt
194.9569816362589,b,Nc1ccc(-c2nc3ccc(N)cc3[nH]2)cc1,O=S(=O)(c1ccc(O)cc1)c1ccc(O)cc1,generated,generated_bisphenol_s,,,aromatic;primary_amine,isocyanate,异氰酸酯-酚羟基形成氨基甲酸酯。,vae_latent_neighborhood_preserve_complementary_reactive_pair,0.075,0.02845155820250511,0.9995816349983215,2,565,375,aromatic,512,artifacts/reproduce/vae/finetuned_latent_512.pt
194.9569816362589,b,Nc1ccc(-c2nc3ccc(N)cc3[nH]2)cc1,Nc1ccc(S(=O)(=O)c2ccc(N)cc2)cc1,library,library_10,,,aromatic;primary_amine,isocyanate,异氰酸酯-伯胺形成聚脲。,vae_latent_neighborhood_preserve_complementary_reactive_pair,0.22857142857142856,0.03092394582927227,0.9995537400245667,3,565,375,aromatic;primary_amine,512,artifacts/reproduce/vae/finetuned_latent_512.pt
194.9569816362589,b,Nc1ccc(-c2nc3ccc(N)cc3[nH]2)cc1,Nc1cccc(S(=O)(=O)c2cccc(N)c2)c1,library,library_98,,,aromatic;primary_amine,isocyanate,异氰酸酯-伯胺形成聚脲。,vae_latent_neighborhood_preserve_complementary_reactive_pair,0.20512820512820512,0.033778250217437744,0.9995454549789429,4,565,375,aromatic;primary_amine,512,artifacts/reproduce/vae/finetuned_latent_512.pt
194.9569816362589,b,Nc1ccc(-c2nc3ccc(N)cc3[nH]2)cc1,CC(=O)c1cc2c(cc1O)OC(C)(C)C=C2,chembl,chembl_scan_106,,,aromatic;primary_amine,isocyanate,异氰酸酯-羟基形成聚氨酯。,vae_latent_neighborhood_preserve_complementary_reactive_pair,0.05357142857142857,0.03999488055706024,0.9991205334663391,5,565,375,aromatic,512,artifacts/reproduce/vae/finetuned_latent_512.pt
194.9547346440699,a,CC(C)(c1ccc(OCCOCC2CO2)cc1)c1ccc(OCCOCC2CO2)cc1,COc1cc(CO)cc(-c2cc(CO)cc(OC)c2OCC2CO2)c1OCC1CO1,library,library_115,,,aromatic;epoxy;ether,aromatic;primary_amine,环氧-伯胺开环固化。,vae_latent_neighborhood_preserve_complementary_reactive_pair,0.2830188679245283,0.03703688457608223,0.9921296834945679,1,641,105,aromatic;epoxy;ether,512,artifacts/reproduce/vae/finetuned_latent_512.pt
194.9547346440699,a,CC(C)(c1ccc(OCCOCC2CO2)cc1)c1ccc(OCCOCC2CO2)cc1,c1ccc(C(c2ccc(OCC3CO3)cc2)c2ccc(OCC3CO3)cc2)cc1,generated,generated_diepoxy_bpf,,,aromatic;epoxy;ether,aromatic;primary_amine,环氧-伯胺开环固化。,vae_latent_neighborhood_preserve_complementary_reactive_pair,0.4,0.07426008582115173,0.9679935574531555,2,641,105,aromatic;epoxy;ether,512,artifacts/reproduce/vae/finetuned_latent_512.pt
194.9547346440699,a,CC(C)(c1ccc(OCCOCC2CO2)cc1)c1ccc(OCCOCC2CO2)cc1,Cn1cc(C2=C(c3coc4ccccc34)C(=O)NC2=O)c2ccc(O)cc21,chembl,chembl_scan_291,,,aromatic;epoxy;ether,aromatic;primary_amine,马来酰亚胺-胺 Michael 加成。,vae_latent_neighborhood_preserve_complementary_reactive_pair,0.06756756756756757,0.07546138763427734,0.9701626300811768,3,641,105,aromatic,512,artifacts/reproduce/vae/finetuned_latent_512.pt
194.9547346440699,a,CC(C)(c1ccc(OCCOCC2CO2)cc1)c1ccc(OCCOCC2CO2)cc1,O=C(c1ccc2c(c1)C(=O)OC2=O)c1ccc2c(c1)C(=O)OC2=O,generated,generated_dianhydride_btda,,,aromatic;epoxy;ether,aromatic;primary_amine,酸酐-胺形成聚酰胺酸/聚酰亚胺前体。,vae_latent_neighborhood_preserve_complementary_reactive_pair,0.07692307692307693,0.07896445691585541,0.9650304913520813,4,641,105,aromatic;ether,512,artifacts/reproduce/vae/finetuned_latent_512.pt
194.9547346440699,a,CC(C)(c1ccc(OCCOCC2CO2)cc1)c1ccc(OCCOCC2CO2)cc1,O=C1C=CC(=O)N1c1ccc(Oc2ccc(N3C(=O)C=CC3=O)cc2)cc1,generated,generated_bismaleimide_oda,,,aromatic;epoxy;ether,aromatic;primary_amine,马来酰亚胺-胺 Michael 加成。,vae_latent_neighborhood_preserve_complementary_reactive_pair,0.125,0.08203919231891632,0.9813117384910583,5,641,105,aromatic;ether,512,artifacts/reproduce/vae/finetuned_latent_512.pt
194.9547346440699,b,Nc1ccc(C(F)(F)F)c(-c2ccc(N)cc2C(F)(F)F)c1,Nc1ccc(C(c2ccc(N)cc2)(C(F)(F)F)C(F)(F)F)cc1,generated,generated_diamine_fluorinated_core,,,aromatic;primary_amine,aromatic;epoxy;ether,环氧-伯胺开环固化。,vae_latent_neighborhood_preserve_complementary_reactive_pair,0.3125,0.08428497612476349,0.9977224469184875,1,565,385,aromatic;primary_amine,512,artifacts/reproduce/vae/finetuned_latent_512.pt
194.9547346440699,b,Nc1ccc(C(F)(F)F)c(-c2ccc(N)cc2C(F)(F)F)c1,COc1cc(-n2cc(C(C)=O)c3ccccc32)ccc1C(N)=O,chembl,chembl_scan_293,,,aromatic;primary_amine,aromatic;epoxy;ether,环氧-伯胺开环固化。,vae_latent_neighborhood_preserve_complementary_reactive_pair,0.08196721311475409,0.08976125717163086,0.9916003942489624,2,565,385,aromatic;primary_amine,512,artifacts/reproduce/vae/finetuned_latent_512.pt
194.9547346440699,b,Nc1ccc(C(F)(F)F)c(-c2ccc(N)cc2C(F)(F)F)c1,Nc1ccc(-c2ccc(N)c(C(F)(F)F)c2)c(C(F)(F)F)c1,library,library_223,,,aromatic;primary_amine,aromatic;epoxy;ether,环氧-伯胺开环固化。,vae_latent_neighborhood_preserve_complementary_reactive_pair,0.5757575757575758,0.09766031801700592,0.9946550726890564,3,565,385,aromatic;primary_amine,512,artifacts/reproduce/vae/finetuned_latent_512.pt
194.9547346440699,b,Nc1ccc(C(F)(F)F)c(-c2ccc(N)cc2C(F)(F)F)c1,CCNc1cccnc1N1CCN(C(=O)c2cnc3ccccc3c2)CC1,chembl,chembl_scan_144,,,aromatic;primary_amine,aromatic;epoxy;ether,环氧-仲胺开环固化。,vae_latent_neighborhood_preserve_complementary_reactive_pair,0.056338028169014086,0.10334458947181702,0.9896822571754456,4,565,385,aromatic,512,artifacts/reproduce/vae/finetuned_latent_512.pt
194.9547346440699,b,Nc1ccc(C(F)(F)F)c(-c2ccc(N)cc2C(F)(F)F)c1,COc1cc(-c2cc(N3CCOCC3)nc(N)n2)cc(OC)c1OC,chembl,chembl_scan_395,,,aromatic;primary_amine,aromatic;epoxy;ether,环氧-伯胺开环固化。,vae_latent_neighborhood_preserve_complementary_reactive_pair,0.0847457627118644,0.11013557016849518,0.9850765466690063,5,565,385,aromatic;primary_amine,512,artifacts/reproduce/vae/finetuned_latent_512.pt
194.9547102397765,a,CCCCC1OC1CCCCC1OC1CCCCCCCC(=O)Oc1ccccc1,O=C1C=CC(=O)N1c1cccc(N2C(=O)C=CC2=O)c1,literature_template,template_bismaleimide_phenylene_meta,maleimide,maleimide,aromatic;epoxy;ester;ether,aromatic;ether;primary_amine,马来酰亚胺-胺 Michael 加成。,vae_latent_neighborhood_preserve_complementary_reactive_pair,0.09803921568627451,0.062218330800533295,0.995463490486145,1,641,105,aromatic,512,artifacts/reproduce/vae/finetuned_latent_512.pt
194.9547102397765,a,CCCCC1OC1CCCCC1OC1CCCCCCCC(=O)Oc1ccccc1,O=C1C=CC(=O)N1c1ccc(N2C(=O)C=CC2=O)cc1,literature_template,template_bismaleimide_phenylene_para,maleimide,maleimide,aromatic;epoxy;ester;ether,aromatic;ether;primary_amine,马来酰亚胺-胺 Michael 加成。,vae_latent_neighborhood_preserve_complementary_reactive_pair,0.08333333333333333,0.06906164437532425,0.9950827956199646,2,641,105,aromatic,512,artifacts/reproduce/vae/finetuned_latent_512.pt
194.9547102397765,a,CCCCC1OC1CCCCC1OC1CCCCCCCC(=O)Oc1ccccc1,O=C=Nc1ccc(S(=O)(=O)c2ccc(N=C=O)cc2)cc1,literature_template,template_diisocyanate_sulfone_bisphenyl,isocyanate,isocyanate,aromatic;epoxy;ester;ether,aromatic;ether;primary_amine,异氰酸酯-伯胺形成聚脲。,vae_latent_neighborhood_preserve_complementary_reactive_pair,0.07407407407407407,0.06949446350336075,0.9940963983535767,3,641,105,aromatic,512,artifacts/reproduce/vae/finetuned_latent_512.pt
194.9547102397765,a,CCCCC1OC1CCCCC1OC1CCCCCCCC(=O)Oc1ccccc1,N#COc1ccc(CC2CCCC(Cc3ccc(OC#N)cc3)C2)cc1,library,library_67,,,aromatic;epoxy;ester;ether,aromatic;ether;primary_amine,氰酸酯-胺共反应。,vae_latent_neighborhood_preserve_complementary_reactive_pair,0.11666666666666667,0.08992770314216614,0.9913175702095032,4,641,105,aromatic;ether,512,artifacts/reproduce/vae/finetuned_latent_512.pt
194.9547102397765,a,CCCCC1OC1CCCCC1OC1CCCCCCCC(=O)Oc1ccccc1,COc1cc(/C=N/c2ccc(OCC3CO3)cc2)ccc1OCC1CO1,library,library_104,,,aromatic;epoxy;ester;ether,aromatic;ether;primary_amine,环氧-伯胺开环固化。,vae_latent_neighborhood_preserve_complementary_reactive_pair,0.1267605633802817,0.09599258750677109,0.9939261674880981,5,641,105,aromatic;epoxy;ether,512,artifacts/reproduce/vae/finetuned_latent_512.pt
194.9547102397765,b,CC(c1ccc(Oc2ccc(N)cc2)cc1)(c1ccc(Oc2ccc(N)cc2)cc1)c1ccc(Oc2ccc(N)cc2)cc1,CC(C(=O)c1cc(C(F)(F)F)nn1-c1ccc2onc(N)c2c1)c1ccc(-c2ccccc2S(C)(=O)=O)cc1F,chembl,chembl_scan_186,,,aromatic;ether;primary_amine,aromatic;epoxy;ester;ether,环氧-伯胺开环固化。,vae_latent_neighborhood_preserve_complementary_reactive_pair,0.09411764705882353,0.07663083076477051,0.9973629117012024,1,672,447,aromatic;primary_amine,512,artifacts/reproduce/vae/finetuned_latent_512.pt
194.9547102397765,b,CC(c1ccc(Oc2ccc(N)cc2)cc1)(c1ccc(Oc2ccc(N)cc2)cc1)c1ccc(Oc2ccc(N)cc2)cc1,CC(=O)Nc1nc2c(Oc3cc(-c4ccc(C(F)(F)F)cc4NC[C@H]4CCCN4CC(C)C)ncn3)cccc2s1,chembl,chembl_scan_250,,,aromatic;ether;primary_amine,aromatic;epoxy;ester;ether,环氧-仲胺开环固化。,vae_latent_neighborhood_preserve_complementary_reactive_pair,0.09375,0.11950020492076874,0.9907152652740479,2,672,447,aromatic;ether,512,artifacts/reproduce/vae/finetuned_latent_512.pt
194.9547102397765,b,CC(c1ccc(Oc2ccc(N)cc2)cc1)(c1ccc(Oc2ccc(N)cc2)cc1)c1ccc(Oc2ccc(N)cc2)cc1,CC(C)(c1ccc(Oc2ccc3c(c2)C(=O)OC3=O)cc1)c1ccc(Oc2ccc3c(c2)C(=O)OC3=O)cc1,library,library_20,,,aromatic;ether;primary_amine,aromatic;epoxy;ester;ether,环氧-酸酐固化，常需催化剂。,vae_latent_neighborhood_preserve_complementary_reactive_pair,0.358974358974359,0.12873901426792145,0.9884536266326904,3,672,447,aromatic;ether,512,artifacts/reproduce/vae/finetuned_latent_512.pt
194.9547102397765,b,CC(c1ccc(Oc2ccc(N)cc2)cc1)(c1ccc(Oc2ccc(N)cc2)cc1)c1ccc(Oc2ccc(N)cc2)cc1,COc1cc2c(cc1Nc1nc(Nc3cccc(F)c3C(N)=O)c3cc[nH]c3n1)N(C(=O)CN1CCOCC1)CC2,chembl,chembl_scan_350,,,aromatic;ether;primary_amine,aromatic;epoxy;ester;ether,环氧-伯胺开环固化。,vae_latent_neighborhood_preserve_complementary_reactive_pair,0.06382978723404255,0.15283708274364471,0.9794348478317261,4,672,447,aromatic;ether;primary_amine,512,artifacts/reproduce/vae/finetuned_latent_512.pt
194.9547102397765,b,CC(c1ccc(Oc2ccc(N)cc2)cc1)(c1ccc(Oc2ccc(N)cc2)cc1)c1ccc(Oc2ccc(N)cc2)cc1,COC(C)(C)CCn1nc(Nc2c(Cl)cccc2Cl)c2cnc(Nc3ccc(OCCN4CCCC4)c(F)c3)nc21,chembl,chembl_scan_401,,,aromatic;ether;primary_amine,aromatic;epoxy;ester;ether,环氧-仲胺开环固化。,vae_latent_neighborhood_preserve_complementary_reactive_pair,0.09195402298850575,0.16035959124565125,0.9824565649032593,5,672,447,aromatic;ether,512,artifacts/reproduce/vae/finetuned_latent_512.pt
194.94929841273185,a,N#COc1ccc(CC2CCCC(Cc3ccc(OC#N)cc3)C2)cc1,O=C=Nc1ccc(S(=O)(=O)c2ccc(N=C=O)cc2)cc1,literature_template,template_diisocyanate_sulfone_bisphenyl,isocyanate,isocyanate,aromatic;cyanate_ester;ether;nitrile,aromatic;primary_amine,异氰酸酯-伯胺形成聚脲。,vae_latent_neighborhood_preserve_complementary_reactive_pair,0.0851063829787234,0.040971849113702774,0.998378574848175,1,645,105,aromatic,512,artifacts/reproduce/vae/finetuned_latent_512.pt
194.94929841273185,a,N#COc1ccc(CC2CCCC(Cc3ccc(OC#N)cc3)C2)cc1,COc1cc(/C=N/c2ccc(OCC3CO3)cc2)ccc1OCC1CO1,library,library_104,,,aromatic;cyanate_ester;ether;nitrile,aromatic;primary_amine,环氧-伯胺开环固化。,vae_latent_neighborhood_preserve_complementary_reactive_pair,0.140625,0.04485500976443291,0.9981736540794373,2,645,105,aromatic;ether,512,artifacts/reproduce/vae/finetuned_latent_512.pt
194.94929841273185,a,N#COc1ccc(CC2CCCC(Cc3ccc(OC#N)cc3)C2)cc1,C(=N/c1ccc(OCC2CO2)cc1)\c1ccc(OCC2CO2)cc1,library,library_103,,,aromatic;cyanate_ester;ether;nitrile,aromatic;primary_amine,环氧-伯胺开环固化。,vae_latent_neighborhood_preserve_complementary_reactive_pair,0.16981132075471697,0.05151485279202461,0.9990580081939697,3,645,105,aromatic;ether,512,artifacts/reproduce/vae/finetuned_latent_512.pt
194.94929841273185,a,N#COc1ccc(CC2CCCC(Cc3ccc(OC#N)cc3)C2)cc1,CC(C)(c1ccc(OCC2CO2)cc1)c1ccc(OCC2CO2)cc1,library,library_11,,,aromatic;cyanate_ester;ether;nitrile,aromatic;primary_amine,环氧-伯胺开环固化。,vae_latent_neighborhood_preserve_complementary_reactive_pair,0.1836734693877551,0.05431827902793884,0.9986001253128052,4,645,105,aromatic;ether,512,artifacts/reproduce/vae/finetuned_latent_512.pt
194.94929841273185,a,N#COc1ccc(CC2CCCC(Cc3ccc(OC#N)cc3)C2)cc1,O=C1C=CC(=O)N1c1cccc(N2C(=O)C=CC2=O)c1,literature_template,template_bismaleimide_phenylene_meta,maleimide,maleimide,aromatic;cyanate_ester;ether;nitrile,aromatic;primary_amine,马来酰亚胺-胺 Michael 加成。,vae_latent_neighborhood_preserve_complementary_reactive_pair,0.08888888888888889,0.07254213839769363,0.9973608255386353,5,645,105,aromatic,512,artifacts/reproduce/vae/finetuned_latent_512.pt
194.94929841273185,b,Nc1ccc(-c2ccc(N)cc2)cc1,Nc1ccc(Oc2ccc(N)cc2)cc1,library,library_21,,,aromatic;primary_amine,aromatic;cyanate_ester;ether;nitrile,氰酸酯-胺共反应。,vae_latent_neighborhood_preserve_complementary_reactive_pair,0.47058823529411764,0.022364147007465363,0.9998103380203247,1,565,220,aromatic;primary_amine,512,artifacts/reproduce/vae/finetuned_latent_512.pt
194.94929841273185,b,Nc1ccc(-c2ccc(N)cc2)cc1,Oc1ccc(Oc2ccc(O)cc2)cc1,library,library_212,,,aromatic;primary_amine,aromatic;cyanate_ester;ether;nitrile,氰酸酯-酚共固化/催化三聚。,vae_latent_neighborhood_preserve_complementary_reactive_pair,0.13636363636363635,0.029740318655967712,0.9996650218963623,2,565,220,aromatic,512,artifacts/reproduce/vae/finetuned_latent_512.pt
194.94929841273185,b,Nc1ccc(-c2ccc(N)cc2)cc1,Nc1ccc(Cc2ccc(N)cc2)cc1,library,library_51,,,aromatic;primary_amine,aromatic;cyanate_ester;ether;nitrile,氰酸酯-胺共反应。,vae_latent_neighborhood_preserve_complementary_reactive_pair,0.47058823529411764,0.033127207309007645,0.9995855093002319,3,565,220,aromatic;primary_amine,512,artifacts/reproduce/vae/finetuned_latent_512.pt
194.94929841273185,b,Nc1ccc(-c2ccc(N)cc2)cc1,Nc1ccc(SSc2ccc(N)cc2)cc1,library,library_60,,,aromatic;primary_amine,aromatic;cyanate_ester;ether;nitrile,氰酸酯-胺共反应。,vae_latent_neighborhood_preserve_complementary_reactive_pair,0.47058823529411764,0.03831147402524948,0.9995198249816895,4,565,220,aromatic;primary_amine,512,artifacts/reproduce/vae/finetuned_latent_512.pt
194.94929841273185,b,Nc1ccc(-c2ccc(N)cc2)cc1,COc1cnc(-c2ccc(O)c(O)c2)o1,chembl,chembl_scan_249,,,aromatic;primary_amine,aromatic;cyanate_ester;ether;nitrile,氰酸酯-酚共固化/催化三聚。,vae_latent_neighborhood_preserve_complementary_reactive_pair,0.13513513513513514,0.06386945396661758,0.9998124837875366,5,565,220,aromatic,512,artifacts/reproduce/vae/finetuned_latent_512.pt
194.94813494469585,a,COc1cc(CC2CO2)ccc1OC(=O)c1ccc(C(=O)Oc2ccc(CC3CO3)cc2OC)cc1,O=C1C=CC(=O)N1c1ccc(S(=O)(=O)c2ccc(N3C(=O)C=CC3=O)cc2)cc1,literature_template,template_bismaleimide_sulfone_bisphenyl,maleimide,maleimide,aromatic;epoxy;ester;ether,aromatic;primary_amine,马来酰亚胺-胺 Michael 加成。,vae_latent_neighborhood_preserve_complementary_reactive_pair,0.07272727272727272,0.07071372121572495,0.9880982041358948,1,641,105,aromatic,512,artifacts/reproduce/vae/finetuned_latent_512.pt
194.94813494469585,a,COc1cc(CC2CO2)ccc1OC(=O)c1ccc(C(=O)Oc2ccc(CC3CO3)cc2OC)cc1,COc1cc(COCC2CO2)cc(-c2cc(COCC3CO3)cc(OC)c2OCC2CO2)c1OCC1CO1,library,library_117,,,aromatic;epoxy;ester;ether,aromatic;primary_amine,环氧-伯胺开环固化。,vae_latent_neighborhood_preserve_complementary_reactive_pair,0.35185185185185186,0.08009990304708481,0.9957024455070496,2,641,105,aromatic;epoxy;ether,512,artifacts/reproduce/vae/finetuned_latent_512.pt
194.94813494469585,a,COc1cc(CC2CO2)ccc1OC(=O)c1ccc(C(=O)Oc2ccc(CC3CO3)cc2OC)cc1,Cc1cc(OCC2CO2)c(C(C)(C)C)cc1-c1cc(C)c(OCC2CO2)c(C(C)(C)C)c1,library,library_66,,,aromatic;epoxy;ester;ether,aromatic;primary_amine,环氧-伯胺开环固化。,vae_latent_neighborhood_preserve_complementary_reactive_pair,0.2222222222222222,0.11807872354984283,0.9438910484313965,3,641,105,aromatic;epoxy;ether,512,artifacts/reproduce/vae/finetuned_latent_512.pt
194.94813494469585,a,COc1cc(CC2CO2)ccc1OC(=O)c1ccc(C(=O)Oc2ccc(CC3CO3)cc2OC)cc1,CC(C)(c1ccc(OCCOCCOCCOCC2CO2)cc1)c1ccc(OCCOCCOCCOCC2CO2)cc1,library,library_64,,,aromatic;epoxy;ester;ether,aromatic;primary_amine,环氧-伯胺开环固化。,vae_latent_neighborhood_preserve_complementary_reactive_pair,0.22413793103448276,0.14542265236377716,0.9841284155845642,4,641,105,aromatic;epoxy;ether,512,artifacts/reproduce/vae/finetuned_latent_512.pt
194.94813494469585,a,COc1cc(CC2CO2)ccc1OC(=O)c1ccc(C(=O)Oc2ccc(CC3CO3)cc2OC)cc1,CC(C)(c1ccc(N2C(=O)C=CC2=O)cc1)c1ccc(N2C(=O)C=CC2=O)cc1,literature_template,template_bismaleimide_bpa_core,maleimide,maleimide,aromatic;epoxy;ester;ether,aromatic;primary_amine,马来酰亚胺-胺 Michael 加成。,vae_latent_neighborhood_preserve_complementary_reactive_pair,0.09090909090909091,0.15777218341827393,0.923884391784668,5,641,105,aromatic,512,artifacts/reproduce/vae/finetuned_latent_512.pt
194.94813494469585,b,Nc1ccc(N)cc1,Nc1cccc(N)c1,library,library_52,,,aromatic;primary_amine,aromatic;epoxy;ester;ether,环氧-伯胺开环固化。,vae_latent_neighborhood_preserve_complementary_reactive_pair,0.42857142857142855,0.009018524549901485,0.9999897480010986,1,565,385,aromatic;primary_amine,512,artifacts/reproduce/vae/finetuned_latent_512.pt
194.94813494469585,b,Nc1ccc(N)cc1,Nc1ccccc1,library,library_216,,,aromatic;primary_amine,aromatic;epoxy;ester;ether,环氧-伯胺开环固化。,vae_latent_neighborhood_preserve_complementary_reactive_pair,0.5833333333333334,0.026433052495121956,0.9997912049293518,2,565,385,aromatic;primary_amine,512,artifacts/reproduce/vae/finetuned_latent_512.pt
194.94813494469585,b,Nc1ccc(N)cc1,NCc1cccc(CN)c1,library,library_50,,,aromatic;primary_amine,aromatic;epoxy;ester;ether,环氧-伯胺开环固化。,vae_latent_neighborhood_preserve_complementary_reactive_pair,0.21052631578947367,0.0334196500480175,0.9997512102127075,3,565,385,aromatic;primary_amine,512,artifacts/reproduce/vae/finetuned_latent_512.pt
194.94813494469585,b,Nc1ccc(N)cc1,Nc1cc(N)cc(N)c1,library,library_218,,,aromatic;primary_amine,aromatic;epoxy;ester;ether,环氧-伯胺开环固化。,vae_latent_neighborhood_preserve_complementary_reactive_pair,0.45454545454545453,0.03606606274843216,0.999854326248169,4,565,385,aromatic;primary_amine,512,artifacts/reproduce/vae/finetuned_latent_512.pt
194.94813494469585,b,Nc1ccc(N)cc1,OCc1cccc(CO)n1,library,library_191,,,aromatic;primary_amine,aromatic;epoxy;ester;ether,环氧-羟基醚化，常需催化剂。,vae_latent_neighborhood_preserve_complementary_reactive_pair,0.14285714285714285,0.03844039514660835,0.9996351003646851,5,565,385,aromatic,512,artifacts/reproduce/vae/finetuned_latent_512.pt
195.0519676887893,a,COc1cc(/C=N/c2ccc(OCC3CO3)cc2)ccc1OCC1CO1,CC(C)(c1ccc(OCC2CO2)cc1)c1ccc(OCC2CO2)cc1,library,library_11,,,aromatic;epoxy;ether,aromatic;primary_amine,环氧-伯胺开环固化。,vae_latent_neighborhood_preserve_complementary_reactive_pair,0.42,0.029006177559494972,0.9990562200546265,1,641,105,aromatic;epoxy;ether,512,artifacts/reproduce/vae/finetuned_latent_512.pt
195.0519676887893,a,COc1cc(/C=N/c2ccc(OCC3CO3)cc2)ccc1OCC1CO1,C(=N/c1ccc(OCC2CO2)cc1)\c1ccc(OCC2CO2)cc1,library,library_103,,,aromatic;epoxy;ether,aromatic;primary_amine,环氧-伯胺开环固化。,vae_latent_neighborhood_preserve_complementary_reactive_pair,0.7045454545454546,0.031345050781965256,0.9988135695457458,2,641,105,aromatic;epoxy;ether,512,artifacts/reproduce/vae/finetuned_latent_512.pt
195.0519676887893,a,COc1cc(/C=N/c2ccc(OCC3CO3)cc2)ccc1OCC1CO1,N#COc1ccc(CC2CCCC(Cc3ccc(OC#N)cc3)C2)cc1,library,library_67,,,aromatic;epoxy;ether,aromatic;primary_amine,氰酸酯-胺共反应。,vae_latent_neighborhood_preserve_complementary_reactive_pair,0.140625,0.04485500976443291,0.9981736540794373,3,641,105,aromatic;ether,512,artifacts/reproduce/vae/finetuned_latent_512.pt
195.0519676887893,a,COc1cc(/C=N/c2ccc(OCC3CO3)cc2)ccc1OCC1CO1,O=C=Nc1ccc(S(=O)(=O)c2ccc(N=C=O)cc2)cc1,literature_template,template_diisocyanate_sulfone_bisphenyl,isocyanate,isocyanate,aromatic;epoxy;ether,aromatic;primary_amine,异氰酸酯-伯胺形成聚脲。,vae_latent_neighborhood_preserve_complementary_reactive_pair,0.10344827586206896,0.06147691234946251,0.9983847737312317,4,641,105,aromatic,512,artifacts/reproduce/vae/finetuned_latent_512.pt
195.0519676887893,a,COc1cc(/C=N/c2ccc(OCC3CO3)cc2)ccc1OCC1CO1,O=C1C=CC(=O)N1c1cccc(N2C(=O)C=CC2=O)c1,literature_template,template_bismaleimide_phenylene_meta,maleimide,maleimide,aromatic;epoxy;ether,aromatic;primary_amine,马来酰亚胺-胺 Michael 加成。,vae_latent_neighborhood_preserve_complementary_reactive_pair,0.06896551724137931,0.0943371132016182,0.9979299902915955,5,641,105,aromatic,512,artifacts/reproduce/vae/finetuned_latent_512.pt
195.0519676887893,b,Nc1ccc(-c2ccc(N)cc2)cc1,Nc1ccc(Oc2ccc(N)cc2)cc1,library,library_21,,,aromatic;primary_amine,aromatic;epoxy;ether,环氧-伯胺开环固化。,vae_latent_neighborhood_preserve_complementary_reactive_pair,0.47058823529411764,0.022364147007465363,0.9998103380203247,1,565,385,aromatic;primary_amine,512,artifacts/reproduce/vae/finetuned_latent_512.pt
195.0519676887893,b,Nc1ccc(-c2ccc(N)cc2)cc1,Oc1ccc(Oc2ccc(O)cc2)cc1,library,library_212,,,aromatic;primary_amine,aromatic;epoxy;ether,环氧-羟基醚化，常需催化剂。,vae_latent_neighborhood_preserve_complementary_reactive_pair,0.13636363636363635,0.029740318655967712,0.9996650218963623,2,565,385,aromatic,512,artifacts/reproduce/vae/finetuned_latent_512.pt
195.0519676887893,b,Nc1ccc(-c2ccc(N)cc2)cc1,Nc1ccc(Cc2ccc(N)cc2)cc1,library,library_51,,,aromatic;primary_amine,aromatic;epoxy;ether,环氧-伯胺开环固化。,vae_latent_neighborhood_preserve_complementary_reactive_pair,0.47058823529411764,0.033127207309007645,0.9995855093002319,3,565,385,aromatic;primary_amine,512,artifacts/reproduce/vae/finetuned_latent_512.pt
195.0519676887893,b,Nc1ccc(-c2ccc(N)cc2)cc1,Nc1ccc(SSc2ccc(N)cc2)cc1,library,library_60,,,aromatic;primary_amine,aromatic;epoxy;ether,环氧-伯胺开环固化。,vae_latent_neighborhood_preserve_complementary_reactive_pair,0.47058823529411764,0.03831147402524948,0.9995198249816895,4,565,385,aromatic;primary_amine,512,artifacts/reproduce/vae/finetuned_latent_512.pt
195.0519676887893,b,Nc1ccc(-c2ccc(N)cc2)cc1,CNc1nc2sc(SC)nc2c2c1ncn2C,chembl,chembl_scan_36,,,aromatic;primary_amine,aromatic;epoxy;ether,环氧-仲胺开环固化。,vae_latent_neighborhood_preserve_complementary_reactive_pair,0.043478260869565216,0.046336524188518524,0.9993545413017273,5,565,385,aromatic,512,artifacts/reproduce/vae/finetuned_latent_512.pt
