generation_id,strategy,stage,target_tg_c,target_window_c,candidate_smiles,candidate_ratios,source_context,generator_id,generation_time,prompt_id,prompt_text,prompt_hash,rag_query,rag_context_refs,rag_context_digest,principle_hypothesis,functional_group_plan,candidate_json,compatibility_reasons,predicted_tg_mean_c,predicted_tg_sigma_c,ood_penalty,pievo_round,selected_by_ids,harness_failure_reason,review_status,notes
sft_trained_68fe296dda11,sft_candidate_generator,harnessed,195.0,5.0,Nc1ccc(-c2ccc(N)c(C(F)(F)F)c2)c(C(F)(F)F)c1|Cc1ccc(N=C=O)cc1N=C=O,0.65000:0.35000,supervised_neural_sft_projection,sft_candidate_generator:structured_projection_mlp_v1,2026-06-06,supervised_neural_sft_projection_v1,"Supervised SFT-style candidate generation.
Target Tg condition: 195.0 C
Target window: +/-5.0 C
Train a neural regressor from SFT prompt/source features to structured generation-record features, then project to a validated train-split record.
Source SFT generation id: prompt_rag_selected_001
Source strategy: llm_rag_principle_generation",35731f2333e51025,,trail/knowledge/smp_prior_knowledge.yaml:0|docs/generation_strategy_and_harness.md:31|docs/generation_strategy_and_harness.md:43|docs/smp_knowledge_base_and_ontology.md:22,"Trained supervised projection over SFT generation-record features, then projected to a validated train-split record.",Rigid aromatic compatible functional groups should keep the target window reachable.,aromatic;primary_amine + aromatic;isocyanate,"{""eval_loss_final"": 0.8099173903465271, ""generated_condition_index"": 0, ""generator_mode"": ""supervised_neural_sft_projection"", ""model_path"": ""artifacts/trail/generation/sft_trained_projection_generator/sft_record_projection_model.pt"", ""not_llm_weight_update"": true, ""projection_distance"": 4.033278465270996, ""source_candidate_json"": ""{\""ratios\"": [\""0.65000\"", \""0.35000\""], \""smiles\"": [\""Nc1ccc(-c2ccc(N)c(C(F)(F)F)c2)c(C(F)(F)F)c1\"", \""Cc1ccc(N=C=O)cc1N=C=O\""]}"", ""source_condition_feature_index"": 1, ""source_generation_reward"": 0.9993641519636244, ""source_ledger"": ""artifacts/trail/generation/prompt_records/generation_record_ledger.csv"", ""source_line_number"": 2, ""source_sft_generation_id"": ""prompt_rag_selected_001"", ""source_sft_split"": ""train"", ""source_sft_strategy"": ""llm_rag_principle_generation"", ""source_target_distance_c"": 0.003180251367354, ""train_loss_final"": 0.6180704832077026, ""training_target"": ""structured_generation_record_feature_projection""}",异氰酸酯-伯胺形成聚脲。,194.99681974863265,0.0,4.033278465270996,,False,,needs_review,"Neural SFT-style projection trained on structured generation records, then projected to a validated train row; not real DSC and not external LLM fine-tuning."
sft_trained_d22ac9f7809b,sft_candidate_generator,harnessed,195.0,5.0,c1cc(N(CC2CO2)CC2CO2)ccc1OCC1CO1|Nc1ccc(Oc2ccc(-c3ccc(Oc4ccc(N)cc4)cc3)cc2)cc1,0.60000:0.40000,supervised_neural_sft_projection,sft_candidate_generator:structured_projection_mlp_v1,2026-06-06,supervised_neural_sft_projection_v1,"Supervised SFT-style candidate generation.
Target Tg condition: 195.0 C
Target window: +/-5.0 C
Train a neural regressor from SFT prompt/source features to structured generation-record features, then project to a validated train-split record.
Source SFT generation id: rule_template_a7f7a36a51cf
Source strategy: rule_template",c71a41655c1409ea,,artifacts/reproduce/discovery/selected_candidates.csv|trail/harness/constraints.py,"Trained supervised projection over SFT generation-record features, then projected to a validated train-split record.",Rule-template compatible functional-group enumeration can seed validated target-window formulations.,aromatic;epoxy;ether + aromatic;ether;primary_amine,"{""eval_loss_final"": 0.8099173903465271, ""generated_condition_index"": 1, ""generator_mode"": ""supervised_neural_sft_projection"", ""model_path"": ""artifacts/trail/generation/sft_trained_projection_generator/sft_record_projection_model.pt"", ""not_llm_weight_update"": true, ""projection_distance"": 2.6975746154785156, ""source_candidate_json"": ""{\""groups_a\"": \""aromatic;epoxy;ether\"", \""groups_b\"": \""aromatic;ether;primary_amine\"", \""in_target_range\"": true, \""ratio_a\"": 0.6, \""ratio_b\"": 0.4, \""smiles_a\"": \""c1cc(N(CC2CO2)CC2CO2)ccc1OCC1CO1\"", \""smiles_b\"": \""Nc1ccc(Oc2ccc(-c3ccc(Oc4ccc(N)cc4)cc3)cc2)cc1\"", \""source_row_index\"": 30, \""source_target_distance_c\"": 0.0647996097464158}"", ""source_condition_feature_index"": 0, ""source_generation_reward"": 0.9871236962210808, ""source_ledger"": ""artifacts/trail/generation/rule_template_records/generation_record_ledger.csv"", ""source_line_number"": 33, ""source_sft_generation_id"": ""rule_template_a7f7a36a51cf"", ""source_sft_split"": ""train"", ""source_sft_strategy"": ""rule_template"", ""source_target_distance_c"": 0.0647996097463874, ""train_loss_final"": 0.6180704832077026, ""training_target"": ""structured_generation_record_feature_projection""}",环氧-伯胺开环固化。,195.0647996097464,0.0,2.6975746154785156,,False,,needs_review,"Neural SFT-style projection trained on structured generation records, then projected to a validated train row; not real DSC and not external LLM fine-tuning."
sft_trained_7c0753fe6b7f,sft_candidate_generator,harnessed,195.0,5.0,C=CC(=O)OCCOCCOc1ccccc1|O=C1C=CC(=O)N(c2ccc(Cc3ccc(N4C(=O)C=CC4=O)cc3)cc2)C1=O,0.30000:0.70000,supervised_neural_sft_projection,sft_candidate_generator:structured_projection_mlp_v1,2026-06-06,supervised_neural_sft_projection_v1,"Supervised SFT-style candidate generation.
Target Tg condition: 195.0 C
Target window: +/-5.0 C
Train a neural regressor from SFT prompt/source features to structured generation-record features, then project to a validated train-split record.
Source SFT generation id: prompt_rag_selected_002
Source strategy: llm_rag_principle_generation",40317726aa2dc2f9,,trail/knowledge/smp_prior_knowledge.yaml:0|docs/generation_strategy_and_harness.md:31|docs/generation_strategy_and_harness.md:43|docs/smp_knowledge_base_and_ontology.md:22,"Trained supervised projection over SFT generation-record features, then projected to a validated train-split record.",Rigid aromatic compatible functional groups should keep the target window reachable.,aromatic;ester;ether;vinyl + aromatic;imide;maleimide;vinyl,"{""eval_loss_final"": 0.8099173903465271, ""generated_condition_index"": 2, ""generator_mode"": ""supervised_neural_sft_projection"", ""model_path"": ""artifacts/trail/generation/sft_trained_projection_generator/sft_record_projection_model.pt"", ""not_llm_weight_update"": true, ""projection_distance"": 4.689859390258789, ""source_candidate_json"": ""{\""ratios\"": [\""0.30000\"", \""0.70000\""], \""smiles\"": [\""C=CC(=O)OCCOCCOc1ccccc1\"", \""O=C1C=CC(=O)N(c2ccc(Cc3ccc(N4C(=O)C=CC4=O)cc3)cc2)C1=O\""]}"", ""source_condition_feature_index"": 3, ""source_generation_reward"": 0.9989274826690828, ""source_ledger"": ""artifacts/trail/generation/prompt_records/generation_record_ledger.csv"", ""source_line_number"": 4, ""source_sft_generation_id"": ""prompt_rag_selected_002"", ""source_sft_split"": ""train"", ""source_sft_strategy"": ""llm_rag_principle_generation"", ""source_target_distance_c"": 0.0053654644459868, ""train_loss_final"": 0.6180704832077026, ""training_target"": ""structured_generation_record_feature_projection""}",马来酰亚胺与烯基共聚/加成。,195.005365464446,0.0,4.689859390258789,,False,,needs_review,"Neural SFT-style projection trained on structured generation records, then projected to a validated train row; not real DSC and not external LLM fine-tuning."
sft_trained_e25b81841907,sft_candidate_generator,harnessed,195.0,5.0,c1cc(N(CC2CO2)CC2CO2)ccc1Cc1ccc(N(CC2CO2)CC2CO2)cc1|Nc1ccc(-c2ccc(N)cc2)cc1,0.60000:0.40000,supervised_neural_sft_projection,sft_candidate_generator:structured_projection_mlp_v1,2026-06-06,supervised_neural_sft_projection_v1,"Supervised SFT-style candidate generation.
Target Tg condition: 195.0 C
Target window: +/-5.0 C
Train a neural regressor from SFT prompt/source features to structured generation-record features, then project to a validated train-split record.
Source SFT generation id: rule_template_8da474427712
Source strategy: rule_template",79d2744a52041906,,artifacts/reproduce/discovery/selected_candidates.csv|trail/harness/constraints.py,"Trained supervised projection over SFT generation-record features, then projected to a validated train-split record.",Rule-template compatible functional-group enumeration can seed validated target-window formulations.,aromatic;epoxy;ether + aromatic;primary_amine,"{""eval_loss_final"": 0.8099173903465271, ""generated_condition_index"": 3, ""generator_mode"": ""supervised_neural_sft_projection"", ""model_path"": ""artifacts/trail/generation/sft_trained_projection_generator/sft_record_projection_model.pt"", ""not_llm_weight_update"": true, ""projection_distance"": 2.885128974914551, ""source_candidate_json"": ""{\""groups_a\"": \""aromatic;epoxy;ether\"", \""groups_b\"": \""aromatic;primary_amine\"", \""in_target_range\"": true, \""ratio_a\"": 0.6, \""ratio_b\"": 0.4, \""smiles_a\"": \""c1cc(N(CC2CO2)CC2CO2)ccc1Cc1ccc(N(CC2CO2)CC2CO2)cc1\"", \""smiles_b\"": \""Nc1ccc(-c2ccc(N)cc2)cc1\"", \""source_row_index\"": 38, \""source_target_distance_c\"": 0.0782791545005068}"", ""source_condition_feature_index"": 2, ""source_generation_reward"": 0.984466084562008, ""source_ledger"": ""artifacts/trail/generation/rule_template_records/generation_record_ledger.csv"", ""source_line_number"": 41, ""source_sft_generation_id"": ""rule_template_8da474427712"", ""source_sft_split"": ""train"", ""source_sft_strategy"": ""rule_template"", ""source_target_distance_c"": 0.0782791545005068, ""train_loss_final"": 0.6180704832077026, ""training_target"": ""structured_generation_record_feature_projection""}",环氧-伯胺开环固化。,194.9217208454995,0.0,2.885128974914551,,False,,needs_review,"Neural SFT-style projection trained on structured generation records, then projected to a validated train row; not real DSC and not external LLM fine-tuning."
sft_trained_9bb44821d117,sft_candidate_generator,harnessed,195.0,5.0,COc1cc(/C=N/c2ccc(OCC3CO3)cc2)ccc1OCC1CO1|CC(C)(c1ccc(N)cc1)c1ccc(C(C)(C)c2ccc(N)cc2)cc1,0.40000:0.60000,supervised_neural_sft_projection,sft_candidate_generator:structured_projection_mlp_v1,2026-06-06,supervised_neural_sft_projection_v1,"Supervised SFT-style candidate generation.
Target Tg condition: 195.0 C
Target window: +/-5.0 C
Train a neural regressor from SFT prompt/source features to structured generation-record features, then project to a validated train-split record.
Source SFT generation id: rule_template_70a413ebfce4
Source strategy: rule_template",124995d8e129fab8,,artifacts/reproduce/discovery/selected_candidates.csv|trail/harness/constraints.py,"Trained supervised projection over SFT generation-record features, then projected to a validated train-split record.",Rule-template compatible functional-group enumeration can seed validated target-window formulations.,aromatic;epoxy;ether + aromatic;primary_amine,"{""eval_loss_final"": 0.8099173903465271, ""generated_condition_index"": 4, ""generator_mode"": ""supervised_neural_sft_projection"", ""model_path"": ""artifacts/trail/generation/sft_trained_projection_generator/sft_record_projection_model.pt"", ""not_llm_weight_update"": true, ""projection_distance"": 2.8656296730041504, ""source_candidate_json"": ""{\""groups_a\"": \""aromatic;epoxy;ether\"", \""groups_b\"": \""aromatic;primary_amine\"", \""in_target_range\"": true, \""ratio_a\"": 0.4, \""ratio_b\"": 0.6, \""smiles_a\"": \""COc1cc(/C=N/c2ccc(OCC3CO3)cc2)ccc1OCC1CO1\"", \""smiles_b\"": \""CC(C)(c1ccc(N)cc1)c1ccc(C(C)(C)c2ccc(N)cc2)cc1\"", \""source_row_index\"": 40, \""source_target_distance_c\"": 0.0807344207798337}"", ""source_condition_feature_index"": 5, ""source_generation_reward"": 0.9839827779602468, ""source_ledger"": ""artifacts/trail/generation/rule_template_records/generation_record_ledger.csv"", ""source_line_number"": 43, ""source_sft_generation_id"": ""rule_template_70a413ebfce4"", ""source_sft_split"": ""train"", ""source_sft_strategy"": ""rule_template"", ""source_target_distance_c"": 0.0807344207798337, ""train_loss_final"": 0.6180704832077026, ""training_target"": ""structured_generation_record_feature_projection""}",环氧-伯胺开环固化。,194.91926557922017,0.0,2.8656296730041504,,False,,needs_review,"Neural SFT-style projection trained on structured generation records, then projected to a validated train row; not real DSC and not external LLM fine-tuning."
sft_trained_19e60a18dc41,sft_candidate_generator,harnessed,195.0,5.0,NCc1cccc(CN)c1|O=c1cc(-c2ccc(OCC3CO3)cc2)oc2cc(OCC3CO3)ccc12,0.45000:0.55000,supervised_neural_sft_projection,sft_candidate_generator:structured_projection_mlp_v1,2026-06-06,supervised_neural_sft_projection_v1,"Supervised SFT-style candidate generation.
Target Tg condition: 195.0 C
Target window: +/-5.0 C
Train a neural regressor from SFT prompt/source features to structured generation-record features, then project to a validated train-split record.
Source SFT generation id: rule_template_f85828d53609
Source strategy: rule_template",a6e2dbb2a76287bd,,artifacts/reproduce/discovery/selected_candidates.csv|trail/harness/constraints.py,"Trained supervised projection over SFT generation-record features, then projected to a validated train-split record.",Rule-template compatible functional-group enumeration can seed validated target-window formulations.,aromatic;primary_amine + aromatic;epoxy;ether,"{""eval_loss_final"": 0.8099173903465271, ""generated_condition_index"": 5, ""generator_mode"": ""supervised_neural_sft_projection"", ""model_path"": ""artifacts/trail/generation/sft_trained_projection_generator/sft_record_projection_model.pt"", ""not_llm_weight_update"": true, ""projection_distance"": 2.9556736946105957, ""source_candidate_json"": ""{\""groups_a\"": \""aromatic;primary_amine\"", \""groups_b\"": \""aromatic;epoxy;ether\"", \""in_target_range\"": true, \""ratio_a\"": 0.45, \""ratio_b\"": 0.55, \""smiles_a\"": \""NCc1cccc(CN)c1\"", \""smiles_b\"": \""O=c1cc(-c2ccc(OCC3CO3)cc2)oc2cc(OCC3CO3)ccc12\"", \""source_row_index\"": 23, \""source_target_distance_c\"": 0.0544801119846738}"", ""source_condition_feature_index"": 6, ""source_generation_reward"": 0.9891631242391624, ""source_ledger"": ""artifacts/trail/generation/rule_template_records/generation_record_ledger.csv"", ""source_line_number"": 26, ""source_sft_generation_id"": ""rule_template_f85828d53609"", ""source_sft_split"": ""train"", ""source_sft_strategy"": ""rule_template"", ""source_target_distance_c"": 0.0544801119846738, ""train_loss_final"": 0.6180704832077026, ""training_target"": ""structured_generation_record_feature_projection""}",环氧-伯胺开环固化。,194.94551988801533,0.0,2.9556736946105957,,False,,needs_review,"Neural SFT-style projection trained on structured generation records, then projected to a validated train row; not real DSC and not external LLM fine-tuning."
sft_trained_a4e2c0ce7288,sft_candidate_generator,harnessed,195.0,5.0,Cc1cc(-c2cc(C)c(OCC3CO3)c(C)c2)c(C)cc1OCC1CO1|Nc1ccc(Oc2ccc(-c3ccc(Oc4ccc(N)cc4)cc3)cc2)cc1,0.35000:0.65000,supervised_neural_sft_projection,sft_candidate_generator:structured_projection_mlp_v1,2026-06-06,supervised_neural_sft_projection_v1,"Supervised SFT-style candidate generation.
Target Tg condition: 195.0 C
Target window: +/-5.0 C
Train a neural regressor from SFT prompt/source features to structured generation-record features, then project to a validated train-split record.
Source SFT generation id: rule_template_d0bf010b117f
Source strategy: rule_template",c307c30921b70cb5,,artifacts/reproduce/discovery/selected_candidates.csv|trail/harness/constraints.py,"Trained supervised projection over SFT generation-record features, then projected to a validated train-split record.",Rule-template compatible functional-group enumeration can seed validated target-window formulations.,aromatic;epoxy;ether + aromatic;ether;primary_amine,"{""eval_loss_final"": 0.8099173903465271, ""generated_condition_index"": 6, ""generator_mode"": ""supervised_neural_sft_projection"", ""model_path"": ""artifacts/trail/generation/sft_trained_projection_generator/sft_record_projection_model.pt"", ""not_llm_weight_update"": true, ""projection_distance"": 2.950608730316162, ""source_candidate_json"": ""{\""groups_a\"": \""aromatic;epoxy;ether\"", \""groups_b\"": \""aromatic;ether;primary_amine\"", \""in_target_range\"": true, \""ratio_a\"": 0.35, \""ratio_b\"": 0.65, \""smiles_a\"": \""Cc1cc(-c2cc(C)c(OCC3CO3)c(C)c2)c(C)cc1OCC1CO1\"", \""smiles_b\"": \""Nc1ccc(Oc2ccc(-c3ccc(Oc4ccc(N)cc4)cc3)cc2)cc1\"", \""source_row_index\"": 10, \""source_target_distance_c\"": 0.0335355545138327}"", ""source_condition_feature_index"": 7, ""source_generation_reward"": 0.9933153315628312, ""source_ledger"": ""artifacts/trail/generation/rule_template_records/generation_record_ledger.csv"", ""source_line_number"": 13, ""source_sft_generation_id"": ""rule_template_d0bf010b117f"", ""source_sft_split"": ""train"", ""source_sft_strategy"": ""rule_template"", ""source_target_distance_c"": 0.0335355545138327, ""train_loss_final"": 0.6180704832077026, ""training_target"": ""structured_generation_record_feature_projection""}",环氧-伯胺开环固化。,195.03353555451383,0.0,2.950608730316162,,False,,needs_review,"Neural SFT-style projection trained on structured generation records, then projected to a validated train row; not real DSC and not external LLM fine-tuning."
sft_trained_3b0df389c280,sft_candidate_generator,harnessed,195.0,5.0,COc1cc(/C=N/c2ccc(OCC3CO3)cc2)ccc1OCC1CO1|Nc1ccc(N)cc1,0.40000:0.60000,supervised_neural_sft_projection,sft_candidate_generator:structured_projection_mlp_v1,2026-06-06,supervised_neural_sft_projection_v1,"Supervised SFT-style candidate generation.
Target Tg condition: 195.0 C
Target window: +/-5.0 C
Train a neural regressor from SFT prompt/source features to structured generation-record features, then project to a validated train-split record.
Source SFT generation id: rule_template_96bca06ef6b1
Source strategy: rule_template",eed78325c2207b07,,artifacts/reproduce/discovery/selected_candidates.csv|trail/harness/constraints.py,"Trained supervised projection over SFT generation-record features, then projected to a validated train-split record.",Rule-template compatible functional-group enumeration can seed validated target-window formulations.,aromatic;epoxy;ether + aromatic;primary_amine,"{""eval_loss_final"": 0.8099173903465271, ""generated_condition_index"": 7, ""generator_mode"": ""supervised_neural_sft_projection"", ""model_path"": ""artifacts/trail/generation/sft_trained_projection_generator/sft_record_projection_model.pt"", ""not_llm_weight_update"": true, ""projection_distance"": 3.131528854370117, ""source_candidate_json"": ""{\""groups_a\"": \""aromatic;epoxy;ether\"", \""groups_b\"": \""aromatic;primary_amine\"", \""in_target_range\"": true, \""ratio_a\"": 0.4, \""ratio_b\"": 0.6, \""smiles_a\"": \""COc1cc(/C=N/c2ccc(OCC3CO3)cc2)ccc1OCC1CO1\"", \""smiles_b\"": \""Nc1ccc(N)cc1\"", \""source_row_index\"": 44, \""source_target_distance_c\"": 0.0910818679466558}"", ""source_condition_feature_index"": 8, ""source_generation_reward"": 0.9819485416399524, ""source_ledger"": ""artifacts/trail/generation/rule_template_records/generation_record_ledger.csv"", ""source_line_number"": 47, ""source_sft_generation_id"": ""rule_template_96bca06ef6b1"", ""source_sft_split"": ""train"", ""source_sft_strategy"": ""rule_template"", ""source_target_distance_c"": 0.0910818679466274, ""train_loss_final"": 0.6180704832077026, ""training_target"": ""structured_generation_record_feature_projection""}",环氧-伯胺开环固化。,195.09108186794663,0.0,3.131528854370117,,False,,needs_review,"Neural SFT-style projection trained on structured generation records, then projected to a validated train row; not real DSC and not external LLM fine-tuning."
sft_trained_9151c8cb7c2b,sft_candidate_generator,harnessed,195.0,5.0,Nc1ccc(Cc2ccc(N)cc2)cc1|COc1ccc(OCC2CO2)c(CCC(=O)OCCCCOC(=O)CCc2ccc(OCC3CO3)c(OC)c2)c1,0.80000:0.20000,supervised_neural_sft_projection,sft_candidate_generator:structured_projection_mlp_v1,2026-06-06,supervised_neural_sft_projection_v1,"Supervised SFT-style candidate generation.
Target Tg condition: 195.0 C
Target window: +/-5.0 C
Train a neural regressor from SFT prompt/source features to structured generation-record features, then project to a validated train-split record.
Source SFT generation id: rule_template_bbb72431693e
Source strategy: rule_template",c01c1966f1abd6ab,,artifacts/reproduce/discovery/selected_candidates.csv|trail/harness/constraints.py,"Trained supervised projection over SFT generation-record features, then projected to a validated train-split record.",Rule-template compatible functional-group enumeration can seed validated target-window formulations.,aromatic;primary_amine + aromatic;epoxy;ester;ether,"{""eval_loss_final"": 0.8099173903465271, ""generated_condition_index"": 8, ""generator_mode"": ""supervised_neural_sft_projection"", ""model_path"": ""artifacts/trail/generation/sft_trained_projection_generator/sft_record_projection_model.pt"", ""not_llm_weight_update"": true, ""projection_distance"": 3.361604928970337, ""source_candidate_json"": ""{\""groups_a\"": \""aromatic;primary_amine\"", \""groups_b\"": \""aromatic;epoxy;ester;ether\"", \""in_target_range\"": true, \""ratio_a\"": 0.8, \""ratio_b\"": 0.1999999999999999, \""smiles_a\"": \""Nc1ccc(Cc2ccc(N)cc2)cc1\"", \""smiles_b\"": \""COc1ccc(OCC2CO2)c(CCC(=O)OCCCCOC(=O)CCc2ccc(OCC3CO3)c(OC)c2)c1\"", \""source_row_index\"": 9, \""source_target_distance_c\"": 0.0319066244994985}"", ""source_condition_feature_index"": 9, ""source_generation_reward"": 0.9936389925135284, ""source_ledger"": ""artifacts/trail/generation/rule_template_records/generation_record_ledger.csv"", ""source_line_number"": 12, ""source_sft_generation_id"": ""rule_template_bbb72431693e"", ""source_sft_split"": ""train"", ""source_sft_strategy"": ""rule_template"", ""source_target_distance_c"": 0.0319066244994985, ""train_loss_final"": 0.6180704832077026, ""training_target"": ""structured_generation_record_feature_projection""}",环氧-伯胺开环固化。,194.9680933755005,0.0,3.361604928970337,,False,,needs_review,"Neural SFT-style projection trained on structured generation records, then projected to a validated train row; not real DSC and not external LLM fine-tuning."
sft_trained_4c2e265d9115,sft_candidate_generator,harnessed,195.0,5.0,CC(C)(c1ccc(OCCOCC2CO2)cc1)c1ccc(OCCOCC2CO2)cc1|O=C1OC(=O)c2cc(-c3ccc4c(c3)C(=O)OC4=O)ccc21,0.70000:0.30000,supervised_neural_sft_projection,sft_candidate_generator:structured_projection_mlp_v1,2026-06-06,supervised_neural_sft_projection_v1,"Supervised SFT-style candidate generation.
Target Tg condition: 195.0 C
Target window: +/-5.0 C
Train a neural regressor from SFT prompt/source features to structured generation-record features, then project to a validated train-split record.
Source SFT generation id: rule_template_12ccda51192f
Source strategy: rule_template",220d4039999e1c8a,,artifacts/reproduce/discovery/selected_candidates.csv|trail/harness/constraints.py,"Trained supervised projection over SFT generation-record features, then projected to a validated train-split record.",Rule-template compatible functional-group enumeration can seed validated target-window formulations.,aromatic;epoxy;ether + anhydride;aromatic;ester;ether,"{""eval_loss_final"": 0.8099173903465271, ""generated_condition_index"": 9, ""generator_mode"": ""supervised_neural_sft_projection"", ""model_path"": ""artifacts/trail/generation/sft_trained_projection_generator/sft_record_projection_model.pt"", ""not_llm_weight_update"": true, ""projection_distance"": 3.3820509910583496, ""source_candidate_json"": ""{\""groups_a\"": \""aromatic;epoxy;ether\"", \""groups_b\"": \""anhydride;aromatic;ester;ether\"", \""in_target_range\"": true, \""ratio_a\"": 0.7, \""ratio_b\"": 0.3, \""smiles_a\"": \""CC(C)(c1ccc(OCCOCC2CO2)cc1)c1ccc(OCCOCC2CO2)cc1\"", \""smiles_b\"": \""O=C1OC(=O)c2cc(-c3ccc4c(c3)C(=O)OC4=O)ccc21\"", \""source_row_index\"": 22, \""source_target_distance_c\"": 0.0544275952230464}"", ""source_condition_feature_index"": 10, ""source_generation_reward"": 0.9891735138225264, ""source_ledger"": ""artifacts/trail/generation/rule_template_records/generation_record_ledger.csv"", ""source_line_number"": 25, ""source_sft_generation_id"": ""rule_template_12ccda51192f"", ""source_sft_split"": ""train"", ""source_sft_strategy"": ""rule_template"", ""source_target_distance_c"": 0.0544275952230464, ""train_loss_final"": 0.6180704832077026, ""training_target"": ""structured_generation_record_feature_projection""}",环氧-酸酐固化，常需催化剂。,195.05442759522305,0.0,3.3820509910583496,,False,,needs_review,"Neural SFT-style projection trained on structured generation records, then projected to a validated train row; not real DSC and not external LLM fine-tuning."
sft_trained_a93038058f30,sft_candidate_generator,harnessed,195.0,5.0,COc1cc(CC2CO2)ccc1OC(=O)c1ccc(C(=O)Oc2ccc(CC3CO3)cc2OC)cc1|Nc1ccc(N)cc1,0.25000:0.75000,supervised_neural_sft_projection,sft_candidate_generator:structured_projection_mlp_v1,2026-06-06,supervised_neural_sft_projection_v1,"Supervised SFT-style candidate generation.
Target Tg condition: 195.0 C
Target window: +/-5.0 C
Train a neural regressor from SFT prompt/source features to structured generation-record features, then project to a validated train-split record.
Source SFT generation id: rule_template_712b5a11592a
Source strategy: rule_template",6c95696352412535,,artifacts/reproduce/discovery/selected_candidates.csv|trail/harness/constraints.py,"Trained supervised projection over SFT generation-record features, then projected to a validated train-split record.",Rule-template compatible functional-group enumeration can seed validated target-window formulations.,aromatic;epoxy;ester;ether + aromatic;primary_amine,"{""eval_loss_final"": 0.8099173903465271, ""generated_condition_index"": 10, ""generator_mode"": ""supervised_neural_sft_projection"", ""model_path"": ""artifacts/trail/generation/sft_trained_projection_generator/sft_record_projection_model.pt"", ""not_llm_weight_update"": true, ""projection_distance"": 3.3893299102783203, ""source_candidate_json"": ""{\""groups_a\"": \""aromatic;epoxy;ester;ether\"", \""groups_b\"": \""aromatic;primary_amine\"", \""in_target_range\"": true, \""ratio_a\"": 0.25, \""ratio_b\"": 0.75, \""smiles_a\"": \""COc1cc(CC2CO2)ccc1OC(=O)c1ccc(C(=O)Oc2ccc(CC3CO3)cc2OC)cc1\"", \""smiles_b\"": \""Nc1ccc(N)cc1\"", \""source_row_index\"": 18, \""source_target_distance_c\"": 0.0518650553041482}"", ""source_condition_feature_index"": 11, ""source_generation_reward"": 0.9896806030782505, ""source_ledger"": ""artifacts/trail/generation/rule_template_records/generation_record_ledger.csv"", ""source_line_number"": 21, ""source_sft_generation_id"": ""rule_template_712b5a11592a"", ""source_sft_split"": ""train"", ""source_sft_strategy"": ""rule_template"", ""source_target_distance_c"": 0.0518650553041482, ""train_loss_final"": 0.6180704832077026, ""training_target"": ""structured_generation_record_feature_projection""}",环氧-伯胺开环固化。,194.94813494469585,0.0,3.3893299102783203,,False,,needs_review,"Neural SFT-style projection trained on structured generation records, then projected to a validated train row; not real DSC and not external LLM fine-tuning."
sft_trained_b465941729ae,sft_candidate_generator,harnessed,195.0,5.0,CC(C)(c1ccc(Oc2ccc3c(c2)C(=O)OC3=O)cc1)c1ccc(Oc2ccc3c(c2)C(=O)OC3=O)cc1|Nc1ccc(Oc2ccc(N)cc2)cc1,0.20000:0.80000,supervised_neural_sft_projection,sft_candidate_generator:structured_projection_mlp_v1,2026-06-06,supervised_neural_sft_projection_v1,"Supervised SFT-style candidate generation.
Target Tg condition: 195.0 C
Target window: +/-5.0 C
Train a neural regressor from SFT prompt/source features to structured generation-record features, then project to a validated train-split record.
Source SFT generation id: rule_template_b32e3fa02aed
Source strategy: rule_template",b99c6a24d09504e9,,artifacts/reproduce/discovery/selected_candidates.csv|trail/harness/constraints.py,"Trained supervised projection over SFT generation-record features, then projected to a validated train-split record.",Rule-template compatible functional-group enumeration can seed validated target-window formulations.,anhydride;aromatic;ester;ether + aromatic;ether;primary_amine,"{""eval_loss_final"": 0.8099173903465271, ""generated_condition_index"": 11, ""generator_mode"": ""supervised_neural_sft_projection"", ""model_path"": ""artifacts/trail/generation/sft_trained_projection_generator/sft_record_projection_model.pt"", ""not_llm_weight_update"": true, ""projection_distance"": 3.4631175994873047, ""source_candidate_json"": ""{\""groups_a\"": \""anhydride;aromatic;ester;ether\"", \""groups_b\"": \""aromatic;ether;primary_amine\"", \""in_target_range\"": true, \""ratio_a\"": 0.2, \""ratio_b\"": 0.8, \""smiles_a\"": \""CC(C)(c1ccc(Oc2ccc3c(c2)C(=O)OC3=O)cc1)c1ccc(Oc2ccc3c(c2)C(=O)OC3=O)cc1\"", \""smiles_b\"": \""Nc1ccc(Oc2ccc(N)cc2)cc1\"", \""source_row_index\"": 47, \""source_target_distance_c\"": 0.0941754365648819}"", ""source_condition_feature_index"": 12, ""source_generation_reward"": 0.9813411845107912, ""source_ledger"": ""artifacts/trail/generation/rule_template_records/generation_record_ledger.csv"", ""source_line_number"": 50, ""source_sft_generation_id"": ""rule_template_b32e3fa02aed"", ""source_sft_split"": ""train"", ""source_sft_strategy"": ""rule_template"", ""source_target_distance_c"": 0.0941754365648819, ""train_loss_final"": 0.6180704832077026, ""training_target"": ""structured_generation_record_feature_projection""}",酸酐-胺形成聚酰胺酸/聚酰亚胺前体。,194.90582456343512,0.0,3.4631175994873047,,False,,needs_review,"Neural SFT-style projection trained on structured generation records, then projected to a validated train row; not real DSC and not external LLM fine-tuning."
sft_trained_6f4d6f1af598,sft_candidate_generator,harnessed,195.0,5.0,CC(C)(c1ccc(OCCOCC2CO2)cc1)c1ccc(OCCOCC2CO2)cc1|Nc1ccc(-c2ccc(N)c(C(F)(F)F)c2)c(C(F)(F)F)c1,0.50000:0.50000,supervised_neural_sft_projection,sft_candidate_generator:structured_projection_mlp_v1,2026-06-06,supervised_neural_sft_projection_v1,"Supervised SFT-style candidate generation.
Target Tg condition: 195.0 C
Target window: +/-5.0 C
Train a neural regressor from SFT prompt/source features to structured generation-record features, then project to a validated train-split record.
Source SFT generation id: rule_template_7864dfceef72
Source strategy: rule_template",3bae4a613d02e5a5,,artifacts/reproduce/discovery/selected_candidates.csv|trail/harness/constraints.py,"Trained supervised projection over SFT generation-record features, then projected to a validated train-split record.",Rule-template compatible functional-group enumeration can seed validated target-window formulations.,aromatic;epoxy;ether + aromatic;primary_amine,"{""eval_loss_final"": 0.8099173903465271, ""generated_condition_index"": 12, ""generator_mode"": ""supervised_neural_sft_projection"", ""model_path"": ""artifacts/trail/generation/sft_trained_projection_generator/sft_record_projection_model.pt"", ""not_llm_weight_update"": true, ""projection_distance"": 3.48148250579834, ""source_candidate_json"": ""{\""groups_a\"": \""aromatic;epoxy;ether\"", \""groups_b\"": \""aromatic;primary_amine\"", \""in_target_range\"": true, \""ratio_a\"": 0.5, \""ratio_b\"": 0.5, \""smiles_a\"": \""CC(C)(c1ccc(OCCOCC2CO2)cc1)c1ccc(OCCOCC2CO2)cc1\"", \""smiles_b\"": \""Nc1ccc(-c2ccc(N)c(C(F)(F)F)c2)c(C(F)(F)F)c1\"", \""source_row_index\"": 45, \""source_target_distance_c\"": 0.0932308892782884}"", ""source_condition_feature_index"": 13, ""source_generation_reward"": 0.9815265866529594, ""source_ledger"": ""artifacts/trail/generation/rule_template_records/generation_record_ledger.csv"", ""source_line_number"": 48, ""source_sft_generation_id"": ""rule_template_7864dfceef72"", ""source_sft_split"": ""train"", ""source_sft_strategy"": ""rule_template"", ""source_target_distance_c"": 0.0932308892782884, ""train_loss_final"": 0.6180704832077026, ""training_target"": ""structured_generation_record_feature_projection""}",环氧-伯胺开环固化。,195.0932308892783,0.0,3.48148250579834,,False,,needs_review,"Neural SFT-style projection trained on structured generation records, then projected to a validated train row; not real DSC and not external LLM fine-tuning."
sft_trained_a3fcf1a75c17,sft_candidate_generator,harnessed,195.0,5.0,C=CCc1ccc(OCC2CO2)c(-c2cc(CC=C)ccc2OCC2CO2)c1|CC1(C)CC(CN)CC(C)(N)C1,0.70000:0.30000,supervised_neural_sft_projection,sft_candidate_generator:structured_projection_mlp_v1,2026-06-06,supervised_neural_sft_projection_v1,"Supervised SFT-style candidate generation.
Target Tg condition: 195.0 C
Target window: +/-5.0 C
Train a neural regressor from SFT prompt/source features to structured generation-record features, then project to a validated train-split record.
Source SFT generation id: rule_template_15dac2dafc43
Source strategy: rule_template",43d3b743215e987d,,artifacts/reproduce/discovery/selected_candidates.csv|trail/harness/constraints.py,"Trained supervised projection over SFT generation-record features, then projected to a validated train-split record.",Rule-template compatible functional-group enumeration can seed validated target-window formulations.,aromatic;epoxy;ether;vinyl + primary_amine,"{""eval_loss_final"": 0.8099173903465271, ""generated_condition_index"": 13, ""generator_mode"": ""supervised_neural_sft_projection"", ""model_path"": ""artifacts/trail/generation/sft_trained_projection_generator/sft_record_projection_model.pt"", ""not_llm_weight_update"": true, ""projection_distance"": 3.5563230514526367, ""source_candidate_json"": ""{\""groups_a\"": \""aromatic;epoxy;ether;vinyl\"", \""groups_b\"": \""primary_amine\"", \""in_target_range\"": true, \""ratio_a\"": 0.7, \""ratio_b\"": 0.3, \""smiles_a\"": \""C=CCc1ccc(OCC2CO2)c(-c2cc(CC=C)ccc2OCC2CO2)c1\"", \""smiles_b\"": \""CC1(C)CC(CN)CC(C)(N)C1\"", \""source_row_index\"": 3, \""source_target_distance_c\"": 0.0074809970215881}"", ""source_condition_feature_index"": 14, ""source_generation_reward"": 0.9985049193439848, ""source_ledger"": ""artifacts/trail/generation/rule_template_records/generation_record_ledger.csv"", ""source_line_number"": 6, ""source_sft_generation_id"": ""rule_template_15dac2dafc43"", ""source_sft_split"": ""train"", ""source_sft_strategy"": ""rule_template"", ""source_target_distance_c"": 0.0074809970215881, ""train_loss_final"": 0.6180704832077026, ""training_target"": ""structured_generation_record_feature_projection""}",环氧-伯胺开环固化。,195.0074809970216,0.0,3.5563230514526367,,False,,needs_review,"Neural SFT-style projection trained on structured generation records, then projected to a validated train row; not real DSC and not external LLM fine-tuning."
sft_trained_60bf5b9eb740,sft_candidate_generator,harnessed,195.0,5.0,CC(C)(c1ccc(OCCOCC2CO2)cc1)c1ccc(OCCOCC2CO2)cc1|Nc1ccc(C(F)(F)F)c(-c2ccc(N)cc2C(F)(F)F)c1,0.80000:0.20000,supervised_neural_sft_projection,sft_candidate_generator:structured_projection_mlp_v1,2026-06-06,supervised_neural_sft_projection_v1,"Supervised SFT-style candidate generation.
Target Tg condition: 195.0 C
Target window: +/-5.0 C
Train a neural regressor from SFT prompt/source features to structured generation-record features, then project to a validated train-split record.
Source SFT generation id: rule_template_efa00a3877c5
Source strategy: rule_template",b5a62672acf77fb5,,artifacts/reproduce/discovery/selected_candidates.csv|trail/harness/constraints.py,"Trained supervised projection over SFT generation-record features, then projected to a validated train-split record.",Rule-template compatible functional-group enumeration can seed validated target-window formulations.,aromatic;epoxy;ether + aromatic;primary_amine,"{""eval_loss_final"": 0.8099173903465271, ""generated_condition_index"": 14, ""generator_mode"": ""supervised_neural_sft_projection"", ""model_path"": ""artifacts/trail/generation/sft_trained_projection_generator/sft_record_projection_model.pt"", ""not_llm_weight_update"": true, ""projection_distance"": 3.6861491203308105, ""source_candidate_json"": ""{\""groups_a\"": \""aromatic;epoxy;ether\"", \""groups_b\"": \""aromatic;primary_amine\"", \""in_target_range\"": true, \""ratio_a\"": 0.8, \""ratio_b\"": 0.1999999999999999, \""smiles_a\"": \""CC(C)(c1ccc(OCCOCC2CO2)cc1)c1ccc(OCCOCC2CO2)cc1\"", \""smiles_b\"": \""Nc1ccc(C(F)(F)F)c(-c2ccc(N)cc2C(F)(F)F)c1\"", \""source_row_index\"": 15, \""source_target_distance_c\"": 0.0452653559300983}"", ""source_condition_feature_index"": 15, ""source_generation_reward"": 0.9909877844802218, ""source_ledger"": ""artifacts/trail/generation/rule_template_records/generation_record_ledger.csv"", ""source_line_number"": 18, ""source_sft_generation_id"": ""rule_template_efa00a3877c5"", ""source_sft_split"": ""train"", ""source_sft_strategy"": ""rule_template"", ""source_target_distance_c"": 0.0452653559300983, ""train_loss_final"": 0.6180704832077026, ""training_target"": ""structured_generation_record_feature_projection""}",环氧-伯胺开环固化。,194.9547346440699,0.0,3.6861491203308105,,False,,needs_review,"Neural SFT-style projection trained on structured generation records, then projected to a validated train row; not real DSC and not external LLM fine-tuning."
sft_trained_cf7ea8e06304,sft_candidate_generator,harnessed,195.0,5.0,Nc1ccc(Oc2ccc(-c3ccc(Oc4ccc(N)cc4)cc3)cc2)cc1|CC(C)(c1ccc(OC#N)cc1)c1ccc(OC#N)cc1,0.80000:0.20000,supervised_neural_sft_projection,sft_candidate_generator:structured_projection_mlp_v1,2026-06-06,supervised_neural_sft_projection_v1,"Supervised SFT-style candidate generation.
Target Tg condition: 195.0 C
Target window: +/-5.0 C
Train a neural regressor from SFT prompt/source features to structured generation-record features, then project to a validated train-split record.
Source SFT generation id: rule_template_27fddd713fb8
Source strategy: rule_template",3aef936d9d0d23f2,,artifacts/reproduce/discovery/selected_candidates.csv|trail/harness/constraints.py,"Trained supervised projection over SFT generation-record features, then projected to a validated train-split record.",Rule-template compatible functional-group enumeration can seed validated target-window formulations.,aromatic;ether;primary_amine + aromatic;cyanate_ester;ether;nitrile,"{""eval_loss_final"": 0.8099173903465271, ""generated_condition_index"": 15, ""generator_mode"": ""supervised_neural_sft_projection"", ""model_path"": ""artifacts/trail/generation/sft_trained_projection_generator/sft_record_projection_model.pt"", ""not_llm_weight_update"": true, ""projection_distance"": 3.6878674030303955, ""source_candidate_json"": ""{\""groups_a\"": \""aromatic;ether;primary_amine\"", \""groups_b\"": \""aromatic;cyanate_ester;ether;nitrile\"", \""in_target_range\"": true, \""ratio_a\"": 0.8, \""ratio_b\"": 0.1999999999999999, \""smiles_a\"": \""Nc1ccc(Oc2ccc(-c3ccc(Oc4ccc(N)cc4)cc3)cc2)cc1\"", \""smiles_b\"": \""CC(C)(c1ccc(OC#N)cc1)c1ccc(OC#N)cc1\"", \""source_row_index\"": 5, \""source_target_distance_c\"": 0.0224656446098663}"", ""source_condition_feature_index"": 17, ""source_generation_reward"": 0.9955169500807116, ""source_ledger"": ""artifacts/trail/generation/rule_template_records/generation_record_ledger.csv"", ""source_line_number"": 8, ""source_sft_generation_id"": ""rule_template_27fddd713fb8"", ""source_sft_split"": ""train"", ""source_sft_strategy"": ""rule_template"", ""source_target_distance_c"": 0.0224656446098663, ""train_loss_final"": 0.6180704832077026, ""training_target"": ""structured_generation_record_feature_projection""}",氰酸酯-胺共反应。,195.02246564460987,0.0,3.6878674030303955,,False,,needs_review,"Neural SFT-style projection trained on structured generation records, then projected to a validated train row; not real DSC and not external LLM fine-tuning."
sft_trained_bdd66ceb47cb,sft_candidate_generator,harnessed,195.0,5.0,CC(C)(COCC1CO1)COCC1CO1|Nc1ccc(Oc2ccc(-c3ccc(Oc4ccc(N)cc4)cc3)cc2)cc1,0.15000:0.85000,supervised_neural_sft_projection,sft_candidate_generator:structured_projection_mlp_v1,2026-06-06,supervised_neural_sft_projection_v1,"Supervised SFT-style candidate generation.
Target Tg condition: 195.0 C
Target window: +/-5.0 C
Train a neural regressor from SFT prompt/source features to structured generation-record features, then project to a validated train-split record.
Source SFT generation id: rule_template_934912cb209c
Source strategy: rule_template",61255b9c9511c94a,,artifacts/reproduce/discovery/selected_candidates.csv|trail/harness/constraints.py,"Trained supervised projection over SFT generation-record features, then projected to a validated train-split record.",Rule-template compatible functional-group enumeration can seed validated target-window formulations.,epoxy;ether + aromatic;ether;primary_amine,"{""eval_loss_final"": 0.8099173903465271, ""generated_condition_index"": 16, ""generator_mode"": ""supervised_neural_sft_projection"", ""model_path"": ""artifacts/trail/generation/sft_trained_projection_generator/sft_record_projection_model.pt"", ""not_llm_weight_update"": true, ""projection_distance"": 3.7258899211883545, ""source_candidate_json"": ""{\""groups_a\"": \""epoxy;ether\"", \""groups_b\"": \""aromatic;ether;primary_amine\"", \""in_target_range\"": true, \""ratio_a\"": 0.15, \""ratio_b\"": 0.85, \""smiles_a\"": \""CC(C)(COCC1CO1)COCC1CO1\"", \""smiles_b\"": \""Nc1ccc(Oc2ccc(-c3ccc(Oc4ccc(N)cc4)cc3)cc2)cc1\"", \""source_row_index\"": 12, \""source_target_distance_c\"": 0.0404758071301785}"", ""source_condition_feature_index"": 18, ""source_generation_reward"": 0.9919375161570052, ""source_ledger"": ""artifacts/trail/generation/rule_template_records/generation_record_ledger.csv"", ""source_line_number"": 15, ""source_sft_generation_id"": ""rule_template_934912cb209c"", ""source_sft_split"": ""train"", ""source_sft_strategy"": ""rule_template"", ""source_target_distance_c"": 0.04047580713015, ""train_loss_final"": 0.6180704832077026, ""training_target"": ""structured_generation_record_feature_projection""}",环氧-伯胺开环固化。,194.95952419286985,0.0,3.7258899211883545,,False,,needs_review,"Neural SFT-style projection trained on structured generation records, then projected to a validated train row; not real DSC and not external LLM fine-tuning."
sft_trained_07cf00aa5899,sft_candidate_generator,harnessed,195.0,5.0,O=C(O)CC(O)(CC(=O)O)C(=O)O|O=c1cc(-c2ccc(OCC3CO3)cc2)oc2cc(OCC3CO3)ccc12,0.15000:0.85000,supervised_neural_sft_projection,sft_candidate_generator:structured_projection_mlp_v1,2026-06-06,supervised_neural_sft_projection_v1,"Supervised SFT-style candidate generation.
Target Tg condition: 195.0 C
Target window: +/-5.0 C
Train a neural regressor from SFT prompt/source features to structured generation-record features, then project to a validated train-split record.
Source SFT generation id: rule_template_a50847d29d9b
Source strategy: rule_template",e5b7463b2e5c7394,,artifacts/reproduce/discovery/selected_candidates.csv|trail/harness/constraints.py,"Trained supervised projection over SFT generation-record features, then projected to a validated train-split record.",Rule-template compatible functional-group enumeration can seed validated target-window formulations.,carboxylic_acid;hydroxyl + aromatic;epoxy;ether,"{""eval_loss_final"": 0.8099173903465271, ""generated_condition_index"": 17, ""generator_mode"": ""supervised_neural_sft_projection"", ""model_path"": ""artifacts/trail/generation/sft_trained_projection_generator/sft_record_projection_model.pt"", ""not_llm_weight_update"": true, ""projection_distance"": 3.891172170639038, ""source_candidate_json"": ""{\""groups_a\"": \""carboxylic_acid;hydroxyl\"", \""groups_b\"": \""aromatic;epoxy;ether\"", \""in_target_range\"": true, \""ratio_a\"": 0.15, \""ratio_b\"": 0.85, \""smiles_a\"": \""O=C(O)CC(O)(CC(=O)O)C(=O)O\"", \""smiles_b\"": \""O=c1cc(-c2ccc(OCC3CO3)cc2)oc2cc(OCC3CO3)ccc12\"", \""source_row_index\"": 34, \""source_target_distance_c\"": 0.0716174811067276}"", ""source_condition_feature_index"": 19, ""source_generation_reward"": 0.9857785970252924, ""source_ledger"": ""artifacts/trail/generation/rule_template_records/generation_record_ledger.csv"", ""source_line_number"": 37, ""source_sft_generation_id"": ""rule_template_a50847d29d9b"", ""source_sft_split"": ""train"", ""source_sft_strategy"": ""rule_template"", ""source_target_distance_c"": 0.0716174811068128, ""train_loss_final"": 0.6180704832077026, ""training_target"": ""structured_generation_record_feature_projection""}",环氧-羧酸开环酯化。,195.0716174811068,0.0,3.891172170639038,,False,,needs_review,"Neural SFT-style projection trained on structured generation records, then projected to a validated train row; not real DSC and not external LLM fine-tuning."
sft_trained_d91097cf7e33,sft_candidate_generator,harnessed,195.0,5.0,COc1cc(/C=N/c2ccc(OCC3CO3)cc2)ccc1OCC1CO1|Nc1ccc(Oc2ccc(N)cc2)cc1,0.65000:0.35000,supervised_neural_sft_projection,sft_candidate_generator:structured_projection_mlp_v1,2026-06-06,supervised_neural_sft_projection_v1,"Supervised SFT-style candidate generation.
Target Tg condition: 195.0 C
Target window: +/-5.0 C
Train a neural regressor from SFT prompt/source features to structured generation-record features, then project to a validated train-split record.
Source SFT generation id: functional_group_replacement_c0465d048ddb
Source strategy: functional_group_replacement",283c50f327020f2b,,trail/generation/generation_strategy_registry.yaml|reports/human_experiment_review_queue.md,"Trained supervised projection over SFT generation-record features, then projected to a validated train-split record.",nan,环氧-伯胺开环固化。,"{""eval_loss_final"": 0.8099173903465271, ""generated_condition_index"": 18, ""generator_mode"": ""supervised_neural_sft_projection"", ""model_path"": ""artifacts/trail/generation/sft_trained_projection_generator/sft_record_projection_model.pt"", ""not_llm_weight_update"": true, ""projection_distance"": 4.0243635177612305, ""source_candidate_json"": ""{\""chemistry_ok\"": true, \""formula_id\"": 106, \""harness_pass\"": true, \""original_smiles\"": \""Nc1ccc(-c2ccc(N)cc2)cc1\"", \""proposal_index\"": 119, \""replace_side\"": \""b\"", \""replacement_smiles\"": \""Nc1ccc(Oc2ccc(N)cc2)cc1\"", \""replacement_tanimoto\"": 0.4705882352941176, \""source_candidate_tg_c\"": 195.0519676887893, \""source_row_index\"": 106, \""source_target_distance_c\"": 0.0519676887892899, \""target_ok\"": true}"", ""source_condition_feature_index"": 20, ""source_generation_reward"": 0.7720735751244461, ""source_ledger"": ""artifacts/trail/generation/original_replacement_records/generation_record_ledger.csv"", ""source_line_number"": 77, ""source_sft_generation_id"": ""functional_group_replacement_c0465d048ddb"", ""source_sft_split"": ""train"", ""source_sft_strategy"": ""functional_group_replacement"", ""source_target_distance_c"": 1.2933771446660387, ""train_loss_final"": 0.6180704832077026, ""training_target"": ""structured_generation_record_feature_projection""}",环氧-伯胺开环固化。,196.29337714466604,12.377238555415408,4.0243635177612305,,False,,needs_review,"Neural SFT-style projection trained on structured generation records, then projected to a validated train row; not real DSC and not external LLM fine-tuning."
sft_trained_c40af9caa6d0,sft_candidate_generator,harnessed,195.0,5.0,COc1cc(CC2CO2)ccc1Oc1nc(Oc2ccc(CC3CO3)cc2OC)nc(Oc2ccc(CC3CO3)cc2OC)n1|Nc1ccc(C(F)(F)F)c(-c2ccc(N)cc2C(F)(F)F)c1,0.65000:0.35000,supervised_neural_sft_projection,sft_candidate_generator:structured_projection_mlp_v1,2026-06-06,supervised_neural_sft_projection_v1,"Supervised SFT-style candidate generation.
Target Tg condition: 195.0 C
Target window: +/-5.0 C
Train a neural regressor from SFT prompt/source features to structured generation-record features, then project to a validated train-split record.
Source SFT generation id: rule_template_d60e670ad632
Source strategy: rule_template",4ce29411d7219d8d,,artifacts/reproduce/discovery/selected_candidates.csv|trail/harness/constraints.py,"Trained supervised projection over SFT generation-record features, then projected to a validated train-split record.",Rule-template compatible functional-group enumeration can seed validated target-window formulations.,aromatic;epoxy;ether + aromatic;primary_amine,"{""eval_loss_final"": 0.8099173903465271, ""generated_condition_index"": 19, ""generator_mode"": ""supervised_neural_sft_projection"", ""model_path"": ""artifacts/trail/generation/sft_trained_projection_generator/sft_record_projection_model.pt"", ""not_llm_weight_update"": true, ""projection_distance"": 4.127758502960205, ""source_candidate_json"": ""{\""groups_a\"": \""aromatic;epoxy;ether\"", \""groups_b\"": \""aromatic;primary_amine\"", \""in_target_range\"": true, \""ratio_a\"": 0.65, \""ratio_b\"": 0.35, \""smiles_a\"": \""COc1cc(CC2CO2)ccc1Oc1nc(Oc2ccc(CC3CO3)cc2OC)nc(Oc2ccc(CC3CO3)cc2OC)n1\"", \""smiles_b\"": \""Nc1ccc(C(F)(F)F)c(-c2ccc(N)cc2C(F)(F)F)c1\"", \""source_row_index\"": 21, \""source_target_distance_c\"": 0.0544014720463792}"", ""source_condition_feature_index"": 23, ""source_generation_reward"": 0.9891786819069128, ""source_ledger"": ""artifacts/trail/generation/rule_template_records/generation_record_ledger.csv"", ""source_line_number"": 24, ""source_sft_generation_id"": ""rule_template_d60e670ad632"", ""source_sft_split"": ""train"", ""source_sft_strategy"": ""rule_template"", ""source_target_distance_c"": 0.0544014720464076, ""train_loss_final"": 0.6180704832077026, ""training_target"": ""structured_generation_record_feature_projection""}",环氧-伯胺开环固化。,195.0544014720464,0.0,4.127758502960205,,False,,needs_review,"Neural SFT-style projection trained on structured generation records, then projected to a validated train row; not real DSC and not external LLM fine-tuning."
sft_trained_c8c04fc5f6dd,sft_candidate_generator,harnessed,195.0,5.0,C(=N/c1ccc(OCC2CO2)cc1)\c1ccc(OCC2CO2)cc1|Nc1ccc(-c2ccc(N)cc2)cc1,0.65000:0.35000,supervised_neural_sft_projection,sft_candidate_generator:structured_projection_mlp_v1,2026-06-06,supervised_neural_sft_projection_v1,"Supervised SFT-style candidate generation.
Target Tg condition: 195.0 C
Target window: +/-5.0 C
Train a neural regressor from SFT prompt/source features to structured generation-record features, then project to a validated train-split record.
Source SFT generation id: functional_group_replacement_afa13c8182f1
Source strategy: functional_group_replacement",e429baed236478d8,,trail/generation/generation_strategy_registry.yaml|reports/human_experiment_review_queue.md,"Trained supervised projection over SFT generation-record features, then projected to a validated train-split record.",preserve_complementary_reactive_pair,环氧-伯胺开环固化。,"{""eval_loss_final"": 0.8099173903465271, ""generated_condition_index"": 20, ""generator_mode"": ""supervised_neural_sft_projection"", ""model_path"": ""artifacts/trail/generation/sft_trained_projection_generator/sft_record_projection_model.pt"", ""not_llm_weight_update"": true, ""projection_distance"": 4.1231842041015625, ""source_candidate_json"": ""{\""chemistry_ok\"": true, \""counterpart_compatibility_reason\"": \""环氧-伯胺开环固化。\"", \""feedback_constraint\"": \""preserve_complementary_reactive_pair\"", \""formula_id\"": 114, \""harness_pass\"": true, \""original_smiles\"": \""COc1cc(/C=N/c2ccc(OCC3CO3)cc2)ccc1OCC1CO1\"", \""proposal_index\"": 114, \""replace_side\"": \""a\"", \""replacement_smiles\"": \""C(=N/c1ccc(OCC2CO2)cc1)\\\\c1ccc(OCC2CO2)cc1\"", \""replacement_tanimoto\"": 0.7045454545454546, \""source_candidate_tg_c\"": 195.0519676887893, \""source_row_index\"": 114, \""source_target_distance_c\"": 5.05196768878929, \""target_ok\"": true}"", ""source_condition_feature_index"": 24, ""source_generation_reward"": 0.8196949946099815, ""source_ledger"": ""artifacts/trail/generation/feedback_guided_replacement_target_records/target_190/generation_record_ledger.csv"", ""source_line_number"": 74, ""source_sft_generation_id"": ""functional_group_replacement_afa13c8182f1"", ""source_sft_split"": ""train"", ""source_sft_strategy"": ""functional_group_replacement"", ""source_target_distance_c"": 0.9941148285500104, ""train_loss_final"": 0.6180704832077026, ""training_target"": ""structured_generation_record_feature_projection""}",环氧-伯胺开环固化。,190.99411482855,35.98658503622384,4.1231842041015625,,False,,needs_review,"Neural SFT-style projection trained on structured generation records, then projected to a validated train row; not real DSC and not external LLM fine-tuning."
sft_trained_971a7c39fd78,sft_candidate_generator,harnessed,195.0,5.0,O=c1cc(-c2ccc(OCC3CO3)cc2)oc2cc(OCC3CO3)ccc12|O=C(O)c1cc(C(=O)O)cc(C(=O)O)c1,0.70000:0.30000,supervised_neural_sft_projection,sft_candidate_generator:structured_projection_mlp_v1,2026-06-06,supervised_neural_sft_projection_v1,"Supervised SFT-style candidate generation.
Target Tg condition: 195.0 C
Target window: +/-5.0 C
Train a neural regressor from SFT prompt/source features to structured generation-record features, then project to a validated train-split record.
Source SFT generation id: rule_template_739401826371
Source strategy: rule_template",7f55de7577bb9977,,artifacts/reproduce/discovery/selected_candidates.csv|trail/harness/constraints.py,"Trained supervised projection over SFT generation-record features, then projected to a validated train-split record.",Rule-template compatible functional-group enumeration can seed validated target-window formulations.,aromatic;epoxy;ether + aromatic;carboxylic_acid;hydroxyl,"{""eval_loss_final"": 0.8099173903465271, ""generated_condition_index"": 21, ""generator_mode"": ""supervised_neural_sft_projection"", ""model_path"": ""artifacts/trail/generation/sft_trained_projection_generator/sft_record_projection_model.pt"", ""not_llm_weight_update"": true, ""projection_distance"": 4.14496374130249, ""source_candidate_json"": ""{\""groups_a\"": \""aromatic;epoxy;ether\"", \""groups_b\"": \""aromatic;carboxylic_acid;hydroxyl\"", \""in_target_range\"": true, \""ratio_a\"": 0.7, \""ratio_b\"": 0.3, \""smiles_a\"": \""O=c1cc(-c2ccc(OCC3CO3)cc2)oc2cc(OCC3CO3)ccc12\"", \""smiles_b\"": \""O=C(O)c1cc(C(=O)O)cc(C(=O)O)c1\"", \""source_row_index\"": 25, \""source_target_distance_c\"": 0.0554993520128448}"", ""source_condition_feature_index"": 25, ""source_generation_reward"": 0.98896150585949, ""source_ledger"": ""artifacts/trail/generation/rule_template_records/generation_record_ledger.csv"", ""source_line_number"": 28, ""source_sft_generation_id"": ""rule_template_739401826371"", ""source_sft_split"": ""train"", ""source_sft_strategy"": ""rule_template"", ""source_target_distance_c"": 0.0554993520128448, ""train_loss_final"": 0.6180704832077026, ""training_target"": ""structured_generation_record_feature_projection""}",环氧-羧酸开环酯化。,195.05549935201284,0.0,4.14496374130249,,False,,needs_review,"Neural SFT-style projection trained on structured generation records, then projected to a validated train row; not real DSC and not external LLM fine-tuning."
sft_trained_064508491292,sft_candidate_generator,harnessed,195.0,5.0,CC(C)(c1ccc(OCCOCCOCCOCC2CO2)cc1)c1ccc(OCCOCCOCCOCC2CO2)cc1|Nc1ccc(-c2ccc(N)c(C(F)(F)F)c2)c(C(F)(F)F)c1,0.45000:0.55000,supervised_neural_sft_projection,sft_candidate_generator:structured_projection_mlp_v1,2026-06-06,supervised_neural_sft_projection_v1,"Supervised SFT-style candidate generation.
Target Tg condition: 195.0 C
Target window: +/-5.0 C
Train a neural regressor from SFT prompt/source features to structured generation-record features, then project to a validated train-split record.
Source SFT generation id: rule_template_ce3dfe2c1da4
Source strategy: rule_template",f216f0fb77ca674e,,artifacts/reproduce/discovery/selected_candidates.csv|trail/harness/constraints.py,"Trained supervised projection over SFT generation-record features, then projected to a validated train-split record.",Rule-template compatible functional-group enumeration can seed validated target-window formulations.,aromatic;epoxy;ether + aromatic;primary_amine,"{""eval_loss_final"": 0.8099173903465271, ""generated_condition_index"": 22, ""generator_mode"": ""supervised_neural_sft_projection"", ""model_path"": ""artifacts/trail/generation/sft_trained_projection_generator/sft_record_projection_model.pt"", ""not_llm_weight_update"": true, ""projection_distance"": 4.197994232177734, ""source_candidate_json"": ""{\""groups_a\"": \""aromatic;epoxy;ether\"", \""groups_b\"": \""aromatic;primary_amine\"", \""in_target_range\"": true, \""ratio_a\"": 0.45, \""ratio_b\"": 0.55, \""smiles_a\"": \""CC(C)(c1ccc(OCCOCCOCCOCC2CO2)cc1)c1ccc(OCCOCCOCCOCC2CO2)cc1\"", \""smiles_b\"": \""Nc1ccc(-c2ccc(N)c(C(F)(F)F)c2)c(C(F)(F)F)c1\"", \""source_row_index\"": 41, \""source_target_distance_c\"": 0.0837176983295364}"", ""source_condition_feature_index"": 26, ""source_generation_reward"": 0.9833958543271006, ""source_ledger"": ""artifacts/trail/generation/rule_template_records/generation_record_ledger.csv"", ""source_line_number"": 44, ""source_sft_generation_id"": ""rule_template_ce3dfe2c1da4"", ""source_sft_split"": ""train"", ""source_sft_strategy"": ""rule_template"", ""source_target_distance_c"": 0.0837176983295933, ""train_loss_final"": 0.6180704832077026, ""training_target"": ""structured_generation_record_feature_projection""}",环氧-伯胺开环固化。,195.0837176983296,0.0,4.197994232177734,,False,,needs_review,"Neural SFT-style projection trained on structured generation records, then projected to a validated train row; not real DSC and not external LLM fine-tuning."
